x,y,z,t
351.0,-154.0,-390.0,1773948827.073
351.0,-154.0,-390.0,1773948827.073
344.0,-145.0,-384.0,1773948827.572
344.0,-145.0,-384.0,1773948827.572
349.0,-148.0,-384.0,1773948828.092
349.0,-148.0,-384.0,1773948828.092
339.0,-154.0,-369.0,1773948828.592
339.0,-154.0,-369.0,1773948828.592
350.0,-156.0,-365.0,1773948829.092
350.0,-156.0,-365.0,1773948829.092
353.0,-154.0,-383.0,1773948829.592
353.0,-154.0,-383.0,1773948829.592
353.0,-154.0,-383.0,1773948829.592
334.0,-148.0,-370.0,1773948830.115
334.0,-148.0,-370.0,1773948830.115
345.0,-151.0,-340.0,1773948830.613
345.0,-151.0,-340.0,1773948830.613
345.0,-151.0,-340.0,1773948830.613
345.0,-147.0,-377.0,1773948831.112
345.0,-147.0,-377.0,1773948831.112
401.0,-176.0,-401.0,1773948831.612
401.0,-176.0,-401.0,1773948831.612
434.0,-270.0,-413.0,1773948832.132
434.0,-270.0,-413.0,1773948832.132
374.0,-540.0,-445.0,1773948832.632
374.0,-540.0,-445.0,1773948832.632
374.0,-540.0,-445.0,1773948832.632
379.0,-765.0,-757.0,1773948833.132
379.0,-765.0,-757.0,1773948833.132
486.0,-850.0,-1029.0,1773948833.632
486.0,-850.0,-1029.0,1773948833.632
486.0,-850.0,-1029.0,1773948833.632
592.0,-831.0,-1479.0,1773948834.152
592.0,-831.0,-1479.0,1773948834.152
519.0,-671.0,-1545.0,1773948834.652
519.0,-671.0,-1545.0,1773948834.652
781.0,-815.0,-1845.0,1773948835.156
995.0,-882.0,-2451.0,1773948835.652
995.0,-882.0,-2451.0,1773948835.652
995.0,-882.0,-2451.0,1773948835.652
1069.0,-648.0,-2842.0,1773948836.175
1069.0,-648.0,-2842.0,1773948836.175
1062.0,-490.0,-2894.0,1773948836.673
1062.0,-490.0,-2894.0,1773948836.673
1062.0,-490.0,-2894.0,1773948836.673
1033.0,-451.0,-2907.0,1773948837.192
1033.0,-451.0,-2907.0,1773948837.192
1077.0,-446.0,-2918.0,1773948837.692
1077.0,-446.0,-2918.0,1773948837.692
1077.0,-446.0,-2918.0,1773948837.692
1126.0,-461.0,-2965.0,1773948838.212
1126.0,-461.0,-2965.0,1773948838.212
1126.0,-461.0,-2965.0,1773948838.212
1030.0,-382.0,-2884.0,1773948838.714
1030.0,-382.0,-2884.0,1773948838.714
1166.0,-452.0,-2980.0,1773948839.232
1166.0,-452.0,-2980.0,1773948839.232
1166.0,-452.0,-2980.0,1773948839.232
1201.0,-241.0,-3306.0,1773948839.732
1201.0,-241.0,-3306.0,1773948839.732
1065.0,219.0,-3290.0,1773948840.252
1065.0,219.0,-3290.0,1773948840.252
1207.0,95.0,-3391.0,1773948840.752
1207.0,95.0,-3391.0,1773948840.752
1246.0,-225.0,-3391.0,1773948841.273
1246.0,-225.0,-3391.0,1773948841.273
1089.0,-619.0,-3413.0,1773948841.772
1089.0,-619.0,-3413.0,1773948841.772
1089.0,-619.0,-3413.0,1773948841.772
1089.0,-619.0,-3413.0,1773948841.772
869.0,-829.0,-3438.0,1773948842.292
869.0,-829.0,-3438.0,1773948842.292
735.0,-835.0,-3403.0,1773948842.792
735.0,-835.0,-3403.0,1773948842.792
735.0,-835.0,-3403.0,1773948842.792
735.0,-835.0,-3403.0,1773948842.792
747.0,-848.0,-3420.0,1773948843.312
747.0,-848.0,-3420.0,1773948843.312
913.0,-835.0,-3459.0,1773948843.812
913.0,-835.0,-3459.0,1773948843.812
913.0,-835.0,-3459.0,1773948843.812
913.0,-835.0,-3459.0,1773948843.812
1080.0,-600.0,-3445.0,1773948844.332
1080.0,-600.0,-3445.0,1773948844.332
1255.0,-267.0,-3428.0,1773948844.832
1255.0,-267.0,-3428.0,1773948844.832
1255.0,-267.0,-3428.0,1773948844.832
1268.0,49.0,-3405.0,1773948845.352
1024.0,300.0,-3283.0,1773948845.852
1024.0,300.0,-3283.0,1773948845.852
1095.0,309.0,-3333.0,1773948846.373
1095.0,309.0,-3333.0,1773948846.373
995.0,714.0,-2971.0,1773948846.873
995.0,714.0,-2971.0,1773948846.873
644.0,1133.0,-2075.0,1773948847.394
644.0,1133.0,-2075.0,1773948847.394
496.0,1222.0,-1228.0,1773948847.892
496.0,1222.0,-1228.0,1773948847.892
496.0,1222.0,-1228.0,1773948847.892
591.0,914.0,-552.0,1773948848.412
591.0,914.0,-552.0,1773948848.412
591.0,914.0,-552.0,1773948848.412
764.0,413.0,-535.0,1773948848.913
764.0,413.0,-535.0,1773948848.913
867.0,132.0,-844.0,1773948849.432
867.0,132.0,-844.0,1773948849.432
951.0,-73.0,-1140.0,1773948849.932
951.0,-73.0,-1140.0,1773948849.932
982.0,-176.0,-1633.0,1773948850.452
982.0,-176.0,-1633.0,1773948850.452
982.0,-176.0,-1633.0,1773948850.452
913.0,-2.0,-1994.0,1773948850.958
913.0,-2.0,-1994.0,1773948850.958
748.0,347.0,-2012.0,1773948851.472
748.0,347.0,-2012.0,1773948851.472
748.0,347.0,-2012.0,1773948851.472
586.0,583.0,-1665.0,1773948851.972
586.0,583.0,-1665.0,1773948851.972
586.0,583.0,-1665.0,1773948851.972
586.0,583.0,-1665.0,1773948851.972
505.0,529.0,-1438.0,1773948852.492
505.0,529.0,-1438.0,1773948852.492
503.0,573.0,-1308.0,1773948852.992
503.0,573.0,-1308.0,1773948852.992
503.0,573.0,-1308.0,1773948852.992
538.0,549.0,-1109.0,1773948853.513
538.0,549.0,-1109.0,1773948853.513
610.0,487.0,-1093.0,1773948854.012
610.0,487.0,-1093.0,1773948854.012
728.0,351.0,-1204.0,1773948854.532
728.0,351.0,-1204.0,1773948854.532
728.0,351.0,-1204.0,1773948854.532
941.0,312.0,-1554.0,1773948855.032
941.0,312.0,-1554.0,1773948855.032
941.0,312.0,-1554.0,1773948855.032
1396.0,325.0,-2082.0,1773948855.552
1396.0,325.0,-2082.0,1773948855.552
1811.0,322.0,-2033.0,1773948856.052
1811.0,322.0,-2033.0,1773948856.052
1760.0,-83.0,-1761.0,1773948856.572
1760.0,-83.0,-1761.0,1773948856.572
1277.0,-310.0,-1375.0,1773948857.072
1277.0,-310.0,-1375.0,1773948857.072
1027.0,-229.0,-1190.0,1773948857.592
1027.0,-229.0,-1190.0,1773948857.592
1027.0,-229.0,-1190.0,1773948857.592
962.0,-240.0,-1013.0,1773948858.092
962.0,-240.0,-1013.0,1773948858.092
996.0,-417.0,-1135.0,1773948858.612
996.0,-417.0,-1135.0,1773948858.612
953.0,-476.0,-1552.0,1773948859.112
953.0,-476.0,-1552.0,1773948859.112
953.0,-476.0,-1552.0,1773948859.112
953.0,-476.0,-1552.0,1773948859.112
953.0,-476.0,-1552.0,1773948859.112
972.0,128.0,-1208.0,1773948860.132
972.0,128.0,-1208.0,1773948860.132
843.0,-111.0,-1004.0,1773948860.654
843.0,-111.0,-1004.0,1773948860.654
758.0,-280.0,-1198.0,1773948861.153
758.0,-280.0,-1198.0,1773948861.153
684.0,-288.0,-1241.0,1773948861.674
684.0,-288.0,-1241.0,1773948861.674
684.0,-288.0,-1241.0,1773948861.674
647.0,-295.0,-1257.0,1773948862.172
736.0,-484.0,-1606.0,1773948862.696
736.0,-484.0,-1606.0,1773948862.696
736.0,-484.0,-1606.0,1773948862.696
827.0,-551.0,-2210.0,1773948863.193
827.0,-551.0,-2210.0,1773948863.193
1022.0,-301.0,-2602.0,1773948863.713
1022.0,-301.0,-2602.0,1773948863.713
1022.0,-301.0,-2602.0,1773948863.713
1025.0,42.0,-1922.0,1773948864.213
1025.0,42.0,-1922.0,1773948864.213
1117.0,-182.0,-1539.0,1773948864.733
1117.0,-182.0,-1539.0,1773948864.733
1290.0,-168.0,-1768.0,1773948865.233
1290.0,-168.0,-1768.0,1773948865.233
1380.0,-29.0,-1829.0,1773948865.753
1380.0,-29.0,-1829.0,1773948865.753
1380.0,-29.0,-1829.0,1773948865.753
1554.0,-59.0,-1932.0,1773948866.253
1554.0,-59.0,-1932.0,1773948866.253
1720.0,-382.0,-2362.0,1773948866.773
1741.0,-228.0,-3304.0,1773948867.273
1741.0,-228.0,-3304.0,1773948867.273
1741.0,-228.0,-3304.0,1773948867.273
1445.0,604.0,-2995.0,1773948867.794
1445.0,604.0,-2995.0,1773948867.794
921.0,983.0,-1529.0,1773948868.293
921.0,983.0,-1529.0,1773948868.293
625.0,496.0,-816.0,1773948868.813
625.0,496.0,-816.0,1773948868.813
453.0,489.0,-1115.0,1773948869.313
453.0,489.0,-1115.0,1773948869.313
453.0,489.0,-1115.0,1773948869.313
330.0,728.0,-910.0,1773948869.833
330.0,728.0,-910.0,1773948869.833
160.0,839.0,-439.0,1773948870.333
160.0,839.0,-439.0,1773948870.333
-208.0,679.0,113.0,1773948870.853
-208.0,679.0,113.0,1773948870.853
-230.0,620.0,27.0,1773948871.353
-230.0,620.0,27.0,1773948871.353
-111.0,707.0,-47.0,1773948871.853
-111.0,707.0,-47.0,1773948871.853
-111.0,707.0,-47.0,1773948871.853
115.0,665.0,-174.0,1773948872.373
115.0,665.0,-174.0,1773948872.373
115.0,665.0,-174.0,1773948872.373
457.0,638.0,-291.0,1773948872.893
457.0,638.0,-291.0,1773948872.893
377.0,693.0,-205.0,1773948873.394
377.0,693.0,-205.0,1773948873.394
570.0,405.0,-285.0,1773948873.913
570.0,405.0,-285.0,1773948873.913
756.0,-444.0,-838.0,1773948879.013
756.0,-444.0,-838.0,1773948879.013
756.0,-444.0,-838.0,1773948879.013
756.0,-444.0,-838.0,1773948879.013
756.0,-444.0,-838.0,1773948879.013
756.0,-444.0,-838.0,1773948879.013
756.0,-444.0,-838.0,1773948879.013
756.0,-444.0,-838.0,1773948879.013
756.0,-444.0,-838.0,1773948879.013
754.0,-444.0,-823.0,1773948881.413
754.0,-444.0,-823.0,1773948881.413
786.0,-467.0,-866.0,1773948881.933
786.0,-467.0,-866.0,1773948881.933
750.0,-447.0,-830.0,1773948882.433
750.0,-447.0,-830.0,1773948882.433
802.0,-473.0,-878.0,1773948882.953
802.0,-473.0,-878.0,1773948882.953
802.0,-473.0,-878.0,1773948882.953
754.0,-442.0,-854.0,1773948883.453
785.0,-455.0,-860.0,1773948883.973
785.0,-455.0,-860.0,1773948883.973
759.0,-457.0,-851.0,1773948884.473
759.0,-457.0,-851.0,1773948884.473
765.0,-452.0,-855.0,1773948884.994
765.0,-452.0,-855.0,1773948884.994
763.0,-454.0,-850.0,1773948885.493
763.0,-454.0,-850.0,1773948885.493
753.0,-449.0,-840.0,1773948886.013
753.0,-449.0,-840.0,1773948886.013
768.0,-454.0,-867.0,1773948886.513
768.0,-454.0,-867.0,1773948886.513
772.0,-465.0,-863.0,1773948887.033
773.0,-457.0,-867.0,1773948887.533
773.0,-457.0,-867.0,1773948887.533
753.0,-442.0,-855.0,1773948888.054
753.0,-442.0,-855.0,1773948888.054
743.0,-428.0,-844.0,1773948888.553
757.0,-451.0,-861.0,1773948889.073
757.0,-451.0,-861.0,1773948889.073
760.0,-450.0,-825.0,1773948889.578
760.0,-450.0,-825.0,1773948889.578
747.0,-449.0,-844.0,1773948890.093
747.0,-449.0,-844.0,1773948890.093
764.0,-451.0,-832.0,1773948890.593
764.0,-451.0,-832.0,1773948890.593
764.0,-451.0,-832.0,1773948890.593
749.0,-450.0,-836.0,1773948891.093
749.0,-450.0,-836.0,1773948891.093
826.0,-482.0,-877.0,1773948891.615
826.0,-482.0,-877.0,1773948891.615
914.0,-614.0,-973.0,1773948892.133
914.0,-614.0,-973.0,1773948892.133
1037.0,-695.0,-1271.0,1773948892.633
1037.0,-695.0,-1271.0,1773948892.633
1152.0,-596.0,-1482.0,1773948893.153
1152.0,-596.0,-1482.0,1773948893.153
1152.0,-596.0,-1482.0,1773948893.153
1149.0,-601.0,-1466.0,1773948893.653
1149.0,-601.0,-1466.0,1773948893.653
1174.0,-605.0,-1515.0,1773948894.173
1174.0,-605.0,-1515.0,1773948894.173
1263.0,-738.0,-1601.0,1773948894.673
1263.0,-738.0,-1601.0,1773948894.673
1065.0,-1004.0,-1607.0,1773948895.193
1065.0,-1004.0,-1607.0,1773948895.193
1065.0,-1004.0,-1607.0,1773948895.193
533.0,-1113.0,-1448.0,1773948895.693
578.0,-1140.0,-1504.0,1773948896.193
578.0,-1140.0,-1504.0,1773948896.193
578.0,-1140.0,-1504.0,1773948896.193
671.0,-1226.0,-1860.0,1773948896.715
671.0,-1226.0,-1860.0,1773948896.715
677.0,-1086.0,-2415.0,1773948897.215
677.0,-1086.0,-2415.0,1773948897.215
614.0,-678.0,-2642.0,1773948897.734
614.0,-678.0,-2642.0,1773948897.734
704.0,-361.0,-2283.0,1773948898.233
704.0,-361.0,-2283.0,1773948898.233
939.0,-444.0,-2077.0,1773948898.754
939.0,-444.0,-2077.0,1773948898.754
939.0,-444.0,-2077.0,1773948898.754
1175.0,-349.0,-2330.0,1773948899.274
1175.0,-349.0,-2330.0,1773948899.274
1195.0,-72.0,-2126.0,1773948899.794
1195.0,-72.0,-2126.0,1773948899.794
1204.0,47.0,-1890.0,1773948900.294
1204.0,47.0,-1890.0,1773948900.294
1204.0,47.0,-1890.0,1773948900.294
1195.0,-88.0,-1638.0,1773948900.814
1195.0,-88.0,-1638.0,1773948900.814
1111.0,-150.0,-1407.0,1773948901.314
1111.0,-150.0,-1407.0,1773948901.314
1111.0,-150.0,-1407.0,1773948901.314
1011.0,-126.0,-1169.0,1773948901.834
1011.0,-126.0,-1169.0,1773948901.834
1121.0,-73.0,-1043.0,1773948902.334
1121.0,-73.0,-1043.0,1773948902.334
1121.0,-73.0,-1043.0,1773948902.334
1299.0,-3.0,-1060.0,1773948902.854
1299.0,-3.0,-1060.0,1773948902.854
1282.0,324.0,-1061.0,1773948903.354
1282.0,324.0,-1061.0,1773948903.354
1282.0,324.0,-1061.0,1773948903.354
965.0,588.0,-866.0,1773948903.874
965.0,588.0,-866.0,1773948903.874
965.0,588.0,-866.0,1773948903.874
538.0,695.0,-764.0,1773948904.378
538.0,695.0,-764.0,1773948904.378
182.0,923.0,-79.0,1773948904.894
182.0,923.0,-79.0,1773948904.894
182.0,923.0,-79.0,1773948904.894
113.0,696.0,401.0,1773948905.394
113.0,696.0,401.0,1773948905.394
124.0,394.0,598.0,1773948905.914
124.0,394.0,598.0,1773948905.914
124.0,394.0,598.0,1773948905.914
87.0,457.0,664.0,1773948906.414
87.0,457.0,664.0,1773948906.414
87.0,457.0,664.0,1773948906.414
-23.0,518.0,678.0,1773948906.934
-23.0,518.0,678.0,1773948906.934
-380.0,484.0,802.0,1773948907.434
-380.0,484.0,802.0,1773948907.434
-380.0,484.0,802.0,1773948907.434
-781.0,563.0,1010.0,1773948907.954
-781.0,563.0,1010.0,1773948907.954
-781.0,563.0,1010.0,1773948907.954
-777.0,558.0,1030.0,1773948908.454
-777.0,558.0,1030.0,1773948908.454
-777.0,558.0,1030.0,1773948908.454
-772.0,569.0,1025.0,1773948908.974
-772.0,569.0,1025.0,1773948908.974
-627.0,647.0,832.0,1773948909.474
-627.0,647.0,832.0,1773948909.474
-393.0,1134.0,-350.0,1773948915.094
-393.0,1134.0,-350.0,1773948915.094
-377.0,1133.0,-316.0,1773948915.594
-377.0,1133.0,-316.0,1773948915.594
-377.0,1133.0,-316.0,1773948915.594
-377.0,1133.0,-316.0,1773948915.594
-377.0,1133.0,-316.0,1773948915.594
-377.0,1133.0,-316.0,1773948915.594
-377.0,1133.0,-316.0,1773948915.594
-377.0,1133.0,-316.0,1773948915.594
-377.0,1133.0,-316.0,1773948915.594
-377.0,1133.0,-316.0,1773948915.594
-377.0,1133.0,-316.0,1773948915.594
-377.0,1133.0,-316.0,1773948915.594
-377.0,1133.0,-316.0,1773948915.594
-377.0,1133.0,-316.0,1773948915.594
-377.0,1133.0,-316.0,1773948915.594
-377.0,1133.0,-316.0,1773948915.594
-377.0,1133.0,-316.0,1773948915.594
-377.0,1133.0,-316.0,1773948915.594
-377.0,1133.0,-316.0,1773948915.594
-377.0,1133.0,-316.0,1773948915.594
-377.0,1133.0,-316.0,1773948915.594
-377.0,1133.0,-316.0,1773948915.594
-377.0,1133.0,-316.0,1773948915.594
-377.0,1133.0,-316.0,1773948915.594
-377.0,1133.0,-316.0,1773948915.594
-377.0,1133.0,-316.0,1773948915.594
-377.0,1133.0,-316.0,1773948915.594
-377.0,1133.0,-316.0,1773948915.594
-377.0,1133.0,-316.0,1773948915.594
-377.0,1133.0,-316.0,1773948915.594
-377.0,1133.0,-316.0,1773948915.594
-377.0,1133.0,-316.0,1773948915.594
-377.0,1133.0,-316.0,1773948915.594
-377.0,1133.0,-316.0,1773948915.594
-377.0,1133.0,-316.0,1773948915.594
-377.0,1133.0,-316.0,1773948915.594
-377.0,1133.0,-316.0,1773948915.594
-379.0,1131.0,-340.0,1773948920.216
-379.0,1131.0,-340.0,1773948920.216
-379.0,1131.0,-340.0,1773948920.216
-379.0,1131.0,-340.0,1773948920.216
-379.0,1131.0,-340.0,1773948920.216
-372.0,1124.0,-331.0,1773948920.734
-372.0,1124.0,-331.0,1773948920.734
-372.0,1124.0,-331.0,1773948920.734
-372.0,1124.0,-331.0,1773948920.734
-386.0,1133.0,-326.0,1773948921.234
-386.0,1133.0,-326.0,1773948921.234
-386.0,1133.0,-326.0,1773948921.234
-386.0,1133.0,-326.0,1773948921.234
-386.0,1133.0,-326.0,1773948921.234
-398.0,1136.0,-317.0,1773948921.755
-398.0,1136.0,-317.0,1773948921.755
-398.0,1136.0,-317.0,1773948921.755
-398.0,1136.0,-317.0,1773948921.755
-398.0,1136.0,-317.0,1773948921.755
-367.0,1122.0,-333.0,1773948922.254
-367.0,1122.0,-333.0,1773948922.254
-367.0,1122.0,-333.0,1773948922.254
-367.0,1122.0,-333.0,1773948922.254
-192.0,1075.0,-422.0,1773948922.774
-192.0,1075.0,-422.0,1773948922.774
-192.0,1075.0,-422.0,1773948922.774
-192.0,1075.0,-422.0,1773948922.774
172.0,1087.0,-430.0,1773948923.275
172.0,1087.0,-430.0,1773948923.275
634.0,928.0,-532.0,1773948923.796
634.0,928.0,-532.0,1773948923.796
634.0,928.0,-532.0,1773948923.796
707.0,854.0,-465.0,1773948924.294
707.0,854.0,-465.0,1773948924.294
707.0,854.0,-465.0,1773948924.294
818.0,800.0,-484.0,1773948924.814
818.0,800.0,-484.0,1773948924.814
752.0,820.0,-140.0,1773948925.315
752.0,820.0,-140.0,1773948925.315
752.0,820.0,-140.0,1773948925.315
714.0,696.0,182.0,1773948925.834
714.0,696.0,182.0,1773948925.834
813.0,547.0,375.0,1773948926.334
813.0,547.0,375.0,1773948926.334
813.0,547.0,375.0,1773948926.334
693.0,362.0,671.0,1773948926.855
693.0,362.0,671.0,1773948926.855
700.0,303.0,715.0,1773948927.357
700.0,303.0,715.0,1773948927.357
700.0,303.0,715.0,1773948927.357
791.0,265.0,668.0,1773948927.874
791.0,265.0,668.0,1773948927.874
855.0,86.0,609.0,1773948928.374
855.0,86.0,609.0,1773948928.374
855.0,86.0,609.0,1773948928.374
851.0,13.0,593.0,1773948928.894
851.0,13.0,593.0,1773948928.894
741.0,69.0,692.0,1773948929.395
741.0,69.0,692.0,1773948929.395
741.0,69.0,692.0,1773948929.395
751.0,-49.0,717.0,1773948929.915
751.0,-49.0,717.0,1773948929.915
751.0,-49.0,717.0,1773948929.915
600.0,-277.0,806.0,1773948930.414
600.0,-277.0,806.0,1773948930.414
357.0,-449.0,546.0,1773948930.934
357.0,-449.0,546.0,1773948930.934
357.0,-449.0,546.0,1773948930.934
357.0,-449.0,546.0,1773948930.934
378.0,-509.0,423.0,1773948931.45
378.0,-509.0,423.0,1773948931.45
271.0,-641.0,398.0,1773948931.954
271.0,-641.0,398.0,1773948931.954
271.0,-641.0,398.0,1773948931.954
-76.0,-580.0,493.0,1773948932.454
-76.0,-580.0,493.0,1773948932.454
-226.0,-518.0,571.0,1773948932.975
-226.0,-518.0,571.0,1773948932.975
-226.0,-518.0,571.0,1773948932.975
-71.0,-621.0,243.0,1773948933.475
-71.0,-621.0,243.0,1773948933.475
399.0,-426.0,-488.0,1773948933.995
399.0,-426.0,-488.0,1773948933.995
399.0,-426.0,-488.0,1773948933.995
769.0,-546.0,-906.0,1773948934.494
769.0,-546.0,-906.0,1773948934.494
623.0,-776.0,-1334.0,1773948935.014
623.0,-776.0,-1334.0,1773948935.014
623.0,-776.0,-1334.0,1773948935.014
622.0,-594.0,-1694.0,1773948935.515
622.0,-594.0,-1694.0,1773948935.515
685.0,-243.0,-1731.0,1773948936.035
685.0,-243.0,-1731.0,1773948936.035
685.0,-243.0,-1731.0,1773948936.035
708.0,-5.0,-1683.0,1773948936.535
708.0,-5.0,-1683.0,1773948936.535
568.0,244.0,-1356.0,1773948937.035
568.0,244.0,-1356.0,1773948937.035
568.0,244.0,-1356.0,1773948937.035
539.0,203.0,-1003.0,1773948937.535
539.0,203.0,-1003.0,1773948937.535
547.0,693.0,-776.0,1773948938.055
547.0,693.0,-776.0,1773948938.055
547.0,693.0,-776.0,1773948938.055
547.0,693.0,-776.0,1773948938.055
480.0,772.0,-126.0,1773948938.555
480.0,772.0,-126.0,1773948938.555
480.0,772.0,-126.0,1773948938.555
346.0,835.0,336.0,1773948939.076
346.0,835.0,336.0,1773948939.076
346.0,835.0,336.0,1773948939.076
285.0,505.0,763.0,1773948939.575
285.0,505.0,763.0,1773948939.575
285.0,505.0,763.0,1773948939.575
285.0,505.0,763.0,1773948939.575
370.0,252.0,599.0,1773948940.095
370.0,252.0,599.0,1773948940.095
370.0,252.0,599.0,1773948940.095
436.0,147.0,435.0,1773948940.595
436.0,147.0,435.0,1773948940.595
436.0,147.0,435.0,1773948940.595
436.0,147.0,435.0,1773948940.595
472.0,75.0,692.0,1773948941.115
472.0,75.0,692.0,1773948941.115
380.0,-224.0,771.0,1773948941.615
380.0,-224.0,771.0,1773948941.615
577.0,-709.0,353.0,1773948942.135
577.0,-709.0,353.0,1773948942.135
577.0,-709.0,353.0,1773948942.135
577.0,-709.0,353.0,1773948942.135
540.0,-967.0,-184.0,1773948942.635
540.0,-967.0,-184.0,1773948942.635
540.0,-967.0,-184.0,1773948942.635
466.0,-1024.0,-651.0,1773948943.155
466.0,-1024.0,-651.0,1773948943.155
466.0,-1024.0,-651.0,1773948943.155
466.0,-1024.0,-651.0,1773948943.155
485.0,-1195.0,-1073.0,1773948943.655
485.0,-1195.0,-1073.0,1773948943.655
246.0,-1164.0,-1697.0,1773948944.175
246.0,-1164.0,-1697.0,1773948944.175
246.0,-1164.0,-1697.0,1773948944.175
-210.0,-708.0,-1890.0,1773948944.675
-210.0,-708.0,-1890.0,1773948944.675
-210.0,-708.0,-1890.0,1773948944.675
-678.0,-117.0,-1539.0,1773948945.196
-678.0,-117.0,-1539.0,1773948945.196
-678.0,-117.0,-1539.0,1773948945.196
-678.0,-117.0,-1539.0,1773948945.196
-830.0,260.0,-810.0,1773948945.695
-830.0,260.0,-810.0,1773948945.695
-888.0,245.0,-214.0,1773948946.216
-888.0,245.0,-214.0,1773948946.216
-888.0,245.0,-214.0,1773948946.216
-780.0,99.0,5.0,1773948946.715
-780.0,99.0,5.0,1773948946.715
-780.0,99.0,5.0,1773948946.715
-780.0,99.0,5.0,1773948946.715
-777.0,-114.0,171.0,1773948947.235
-777.0,-114.0,171.0,1773948947.235
-777.0,-114.0,171.0,1773948947.235
-663.0,-353.0,202.0,1773948947.736
-663.0,-353.0,202.0,1773948947.736
-663.0,-353.0,202.0,1773948947.736
-515.0,-477.0,213.0,1773948948.255
-515.0,-477.0,213.0,1773948948.255
-515.0,-477.0,213.0,1773948948.255
-515.0,-477.0,213.0,1773948948.255
-406.0,-459.0,218.0,1773948948.756
-406.0,-459.0,218.0,1773948948.756
-381.0,-442.0,324.0,1773948949.275
-381.0,-442.0,324.0,1773948949.275
-381.0,-442.0,324.0,1773948949.275
-381.0,-442.0,324.0,1773948949.275
-325.0,-508.0,170.0,1773948949.775
-325.0,-508.0,170.0,1773948949.775
-325.0,-508.0,170.0,1773948949.775
-188.0,-443.0,-39.0,1773948950.295
-188.0,-443.0,-39.0,1773948950.295
-188.0,-443.0,-39.0,1773948950.295
-74.0,-431.0,75.0,1773948950.795
-74.0,-431.0,75.0,1773948950.795
-74.0,-431.0,75.0,1773948950.795
-74.0,-431.0,75.0,1773948950.795
58.0,-551.0,-6.0,1773948951.315
58.0,-551.0,-6.0,1773948951.315
58.0,-551.0,-6.0,1773948951.315
242.0,-614.0,-199.0,1773948951.815
242.0,-614.0,-199.0,1773948951.815
242.0,-614.0,-199.0,1773948951.815
527.0,-683.0,-335.0,1773948952.335
527.0,-683.0,-335.0,1773948952.335
527.0,-683.0,-335.0,1773948952.335
527.0,-683.0,-335.0,1773948952.335
750.0,-784.0,-609.0,1773948952.835
750.0,-784.0,-609.0,1773948952.835
750.0,-784.0,-609.0,1773948952.835
735.0,-806.0,-715.0,1773948953.355
735.0,-806.0,-715.0,1773948953.355
735.0,-806.0,-715.0,1773948953.355
735.0,-806.0,-715.0,1773948953.355
686.0,-561.0,-908.0,1773948953.855
686.0,-561.0,-908.0,1773948953.855
677.0,-839.0,-793.0,1773948954.376
677.0,-839.0,-793.0,1773948954.376
677.0,-839.0,-793.0,1773948954.376
858.0,-1164.0,-1358.0,1773948954.875
858.0,-1164.0,-1358.0,1773948954.875
858.0,-1164.0,-1358.0,1773948954.875
700.0,-509.0,-1961.0,1773948955.395
700.0,-509.0,-1961.0,1773948955.395
700.0,-509.0,-1961.0,1773948955.395
700.0,-509.0,-1961.0,1773948955.395
736.0,-409.0,-1569.0,1773948955.895
736.0,-409.0,-1569.0,1773948955.895
736.0,-409.0,-1569.0,1773948955.895
930.0,-321.0,-1198.0,1773948956.416
930.0,-321.0,-1198.0,1773948956.416
930.0,-321.0,-1198.0,1773948956.416
965.0,-518.0,-805.0,1773948956.935
965.0,-518.0,-805.0,1773948956.935
965.0,-518.0,-805.0,1773948956.935
965.0,-518.0,-805.0,1773948956.935
1192.0,-1075.0,-1365.0,1773948957.436
1192.0,-1075.0,-1365.0,1773948957.436
1192.0,-1075.0,-1365.0,1773948957.436
1238.0,-967.0,-2666.0,1773948957.955
1238.0,-967.0,-2666.0,1773948957.955
1238.0,-967.0,-2666.0,1773948957.955
1364.0,-545.0,-2868.0,1773948958.455
1364.0,-545.0,-2868.0,1773948958.455
1364.0,-545.0,-2868.0,1773948958.455
1254.0,-224.0,-2252.0,1773948958.975
1254.0,-224.0,-2252.0,1773948958.975
1254.0,-224.0,-2252.0,1773948958.975
1174.0,-350.0,-1903.0,1773948959.475
1174.0,-350.0,-1903.0,1773948959.475
1174.0,-350.0,-1903.0,1773948959.475
1121.0,-391.0,-1504.0,1773948959.995
1121.0,-391.0,-1504.0,1773948959.995
1121.0,-391.0,-1504.0,1773948959.995
1275.0,-589.0,-1389.0,1773948960.495
1275.0,-589.0,-1389.0,1773948960.495
1275.0,-589.0,-1389.0,1773948960.495
1311.0,-755.0,-1583.0,1773948961.016
1311.0,-755.0,-1583.0,1773948961.016
1311.0,-755.0,-1583.0,1773948961.016
1176.0,-869.0,-1782.0,1773948961.516
1176.0,-869.0,-1782.0,1773948961.516
1176.0,-869.0,-1782.0,1773948961.516
1176.0,-869.0,-1782.0,1773948961.516
1260.0,-608.0,-2156.0,1773948962.035
1260.0,-608.0,-2156.0,1773948962.035
1260.0,-608.0,-2156.0,1773948962.035
1260.0,-608.0,-2156.0,1773948962.035
1423.0,-210.0,-1409.0,1773948962.535
1423.0,-210.0,-1409.0,1773948962.535
1423.0,-210.0,-1409.0,1773948962.535
1310.0,-947.0,-1588.0,1773948963.055
1310.0,-947.0,-1588.0,1773948963.055
1310.0,-947.0,-1588.0,1773948963.055
1156.0,-889.0,-2166.0,1773948963.555
1156.0,-889.0,-2166.0,1773948963.555
1156.0,-889.0,-2166.0,1773948963.555
1105.0,-730.0,-2255.0,1773948964.075
1105.0,-730.0,-2255.0,1773948964.075
1199.0,-585.0,-2872.0,1773948968.655
1199.0,-585.0,-2872.0,1773948968.655
1199.0,-585.0,-2872.0,1773948968.655
1199.0,-585.0,-2872.0,1773948968.655
1199.0,-585.0,-2872.0,1773948968.655
1199.0,-585.0,-2872.0,1773948968.655
1199.0,-585.0,-2872.0,1773948968.655
1199.0,-585.0,-2872.0,1773948968.655
1199.0,-585.0,-2872.0,1773948968.655
1199.0,-585.0,-2872.0,1773948968.655
1199.0,-585.0,-2872.0,1773948968.655
1199.0,-585.0,-2872.0,1773948968.655
1199.0,-585.0,-2872.0,1773948968.655
1199.0,-585.0,-2872.0,1773948968.655
1199.0,-585.0,-2872.0,1773948968.655
1199.0,-585.0,-2872.0,1773948968.655
1199.0,-585.0,-2872.0,1773948968.655
1199.0,-585.0,-2872.0,1773948968.655
1192.0,-575.0,-2899.0,1773948971.655
1192.0,-575.0,-2899.0,1773948971.655
1192.0,-575.0,-2899.0,1773948971.655
1192.0,-575.0,-2899.0,1773948971.655
1207.0,-581.0,-2893.0,1773948972.176
1207.0,-581.0,-2893.0,1773948972.176
1207.0,-581.0,-2893.0,1773948972.176
1194.0,-576.0,-2907.0,1773948972.676
1194.0,-576.0,-2907.0,1773948972.676
1194.0,-576.0,-2907.0,1773948972.676
1194.0,-576.0,-2907.0,1773948972.676
1170.0,-562.0,-2878.0,1773948973.196
1170.0,-562.0,-2878.0,1773948973.196
1202.0,-583.0,-2882.0,1773948973.697
1202.0,-583.0,-2882.0,1773948973.697
1202.0,-573.0,-2897.0,1773948974.216
1202.0,-573.0,-2897.0,1773948974.216
1202.0,-573.0,-2897.0,1773948974.216
1185.0,-570.0,-2915.0,1773948974.716
1185.0,-570.0,-2915.0,1773948974.716
1180.0,-573.0,-2918.0,1773948975.236
1180.0,-573.0,-2918.0,1773948975.236
1180.0,-573.0,-2918.0,1773948975.236
1194.0,-569.0,-2922.0,1773948975.736
1194.0,-569.0,-2922.0,1773948975.736
1194.0,-569.0,-2922.0,1773948975.736
1209.0,-577.0,-2928.0,1773948976.256
1209.0,-577.0,-2928.0,1773948976.256
1320.0,-591.0,-3017.0,1773948976.757
1320.0,-591.0,-3017.0,1773948976.757
1318.0,-357.0,-2897.0,1773948977.276
1318.0,-357.0,-2897.0,1773948977.276
1318.0,-357.0,-2897.0,1773948977.276
1318.0,-357.0,-2897.0,1773948977.276
1313.0,-215.0,-2545.0,1773948977.776
1313.0,-215.0,-2545.0,1773948977.776
1313.0,-215.0,-2545.0,1773948977.776
1313.0,-215.0,-2545.0,1773948977.776
1182.0,-242.0,-2105.0,1773948978.297
1182.0,-242.0,-2105.0,1773948978.297
1131.0,-348.0,-1940.0,1773948978.796
1131.0,-348.0,-1940.0,1773948978.796
1131.0,-348.0,-1940.0,1773948978.796
1056.0,-396.0,-1875.0,1773948979.316
1056.0,-396.0,-1875.0,1773948979.316
1056.0,-396.0,-1875.0,1773948979.316
882.0,-413.0,-1761.0,1773948979.816
882.0,-413.0,-1761.0,1773948979.816
675.0,-365.0,-1595.0,1773948980.336
675.0,-365.0,-1595.0,1773948980.336
675.0,-365.0,-1595.0,1773948980.336
474.0,-413.0,-1422.0,1773948980.836
474.0,-413.0,-1422.0,1773948980.836
474.0,-413.0,-1422.0,1773948980.836
474.0,-413.0,-1422.0,1773948980.836
339.0,-455.0,-1370.0,1773948981.356
339.0,-455.0,-1370.0,1773948981.356
339.0,-455.0,-1370.0,1773948981.356
287.0,-496.0,-1315.0,1773948981.856
287.0,-496.0,-1315.0,1773948981.856
287.0,-496.0,-1315.0,1773948981.856
287.0,-496.0,-1315.0,1773948981.856
379.0,-569.0,-1363.0,1773948982.376
379.0,-569.0,-1363.0,1773948982.376
379.0,-569.0,-1363.0,1773948982.376
480.0,-538.0,-1550.0,1773948982.876
480.0,-538.0,-1550.0,1773948982.876
480.0,-538.0,-1550.0,1773948982.876
480.0,-538.0,-1550.0,1773948982.876
447.0,-401.0,-1451.0,1773948983.398
447.0,-401.0,-1451.0,1773948983.398
447.0,-401.0,-1451.0,1773948983.398
369.0,-581.0,-1550.0,1773948983.896
369.0,-581.0,-1550.0,1773948983.896
167.0,-594.0,-1885.0,1773948984.416
167.0,-594.0,-1885.0,1773948984.416
167.0,-594.0,-1885.0,1773948984.416
-22.0,-648.0,-2009.0,1773948984.916
-22.0,-648.0,-2009.0,1773948984.916
-114.0,-697.0,-2220.0,1773948985.416
-114.0,-697.0,-2220.0,1773948985.416
-114.0,-697.0,-2220.0,1773948985.416
-243.0,-537.0,-2319.0,1773948985.917
-243.0,-537.0,-2319.0,1773948985.917
-243.0,-537.0,-2319.0,1773948985.917
-254.0,-432.0,-2269.0,1773948986.436
-254.0,-432.0,-2269.0,1773948986.436
-254.0,-432.0,-2269.0,1773948986.436
-146.0,-497.0,-2307.0,1773948986.937
-146.0,-497.0,-2307.0,1773948986.937
-146.0,-497.0,-2307.0,1773948986.937
5.0,-623.0,-2343.0,1773948987.456
5.0,-623.0,-2343.0,1773948987.456
5.0,-623.0,-2343.0,1773948987.456
209.0,-677.0,-2349.0,1773948987.956
209.0,-677.0,-2349.0,1773948987.956
209.0,-677.0,-2349.0,1773948987.956
200.0,-662.0,-2342.0,1773948988.476
200.0,-662.0,-2342.0,1773948988.476
300.0,-607.0,-2392.0,1773948988.976
300.0,-607.0,-2392.0,1773948988.976
300.0,-607.0,-2392.0,1773948988.976
300.0,-607.0,-2392.0,1773948988.976
495.0,-331.0,-2490.0,1773948989.496
495.0,-331.0,-2490.0,1773948989.496
495.0,-331.0,-2490.0,1773948989.496
545.0,-320.0,-2355.0,1773948989.996
545.0,-320.0,-2355.0,1773948989.996
545.0,-320.0,-2355.0,1773948989.996
783.0,-236.0,-2624.0,1773948990.516
783.0,-236.0,-2624.0,1773948990.516
783.0,-236.0,-2624.0,1773948990.516
1252.0,34.0,-2932.0,1773948991.016
1252.0,34.0,-2932.0,1773948991.016
1252.0,34.0,-2932.0,1773948991.016
1567.0,361.0,-2489.0,1773948991.536
1567.0,361.0,-2489.0,1773948991.536
1419.0,287.0,-1381.0,1773948992.036
1419.0,287.0,-1381.0,1773948992.036
1194.0,79.0,-821.0,1773948992.556
1194.0,79.0,-821.0,1773948992.556
1194.0,79.0,-821.0,1773948992.556
1166.0,98.0,-800.0,1773948993.056
1166.0,98.0,-800.0,1773948993.056
1166.0,98.0,-800.0,1773948993.056
1052.0,395.0,-592.0,1773948993.576
1052.0,395.0,-592.0,1773948993.576
1052.0,395.0,-592.0,1773948993.576
777.0,545.0,-84.0,1773948994.076
777.0,545.0,-84.0,1773948994.076
777.0,545.0,-84.0,1773948994.076
563.0,430.0,268.0,1773948994.596
563.0,430.0,268.0,1773948994.596
563.0,430.0,268.0,1773948994.596
429.0,212.0,208.0,1773948995.097
429.0,212.0,208.0,1773948995.097
429.0,212.0,208.0,1773948995.097
321.0,165.0,135.0,1773948995.616
321.0,165.0,135.0,1773948995.616
324.0,16.0,-153.0,1773948996.136
324.0,16.0,-153.0,1773948996.136
324.0,16.0,-153.0,1773948996.136
324.0,16.0,-153.0,1773948996.136
295.0,34.0,-523.0,1773948996.636
547.0,144.0,-621.0,1773948997.157
547.0,144.0,-621.0,1773948997.157
547.0,144.0,-621.0,1773948997.157
814.0,98.0,-569.0,1773948997.657
814.0,98.0,-569.0,1773948997.657
814.0,98.0,-569.0,1773948997.657
1081.0,-69.0,-838.0,1773948998.176
1081.0,-69.0,-838.0,1773948998.176
1081.0,-69.0,-838.0,1773948998.176
1081.0,-69.0,-838.0,1773948998.176
1326.0,-331.0,-1165.0,1773948998.676
1326.0,-331.0,-1165.0,1773948998.676
1326.0,-331.0,-1165.0,1773948998.676
1493.0,-550.0,-1793.0,1773948999.197
1493.0,-550.0,-1793.0,1773948999.197
1119.0,-976.0,-3192.0,1773949004.796
1119.0,-976.0,-3192.0,1773949004.796
1119.0,-976.0,-3192.0,1773949004.796
1119.0,-976.0,-3192.0,1773949004.796
1119.0,-976.0,-3192.0,1773949004.796
1119.0,-976.0,-3192.0,1773949004.796
1119.0,-976.0,-3192.0,1773949004.796
1119.0,-976.0,-3192.0,1773949004.796
1119.0,-976.0,-3192.0,1773949004.796
1119.0,-976.0,-3192.0,1773949004.796
1119.0,-976.0,-3192.0,1773949004.796
1119.0,-976.0,-3192.0,1773949004.796
1119.0,-976.0,-3192.0,1773949004.796
1119.0,-976.0,-3192.0,1773949004.796
1119.0,-976.0,-3192.0,1773949004.796
1119.0,-976.0,-3192.0,1773949004.796
1135.0,-989.0,-3211.0,1773949012.037
1135.0,-989.0,-3211.0,1773949012.037
1135.0,-989.0,-3211.0,1773949012.037
1121.0,-979.0,-3202.0,1773949012.557
1121.0,-979.0,-3202.0,1773949012.557
1121.0,-979.0,-3202.0,1773949012.557
1121.0,-979.0,-3202.0,1773949012.557
1121.0,-979.0,-3202.0,1773949012.557
1111.0,-977.0,-3211.0,1773949017.657
1111.0,-977.0,-3211.0,1773949017.657
1111.0,-977.0,-3211.0,1773949017.657
1111.0,-977.0,-3211.0,1773949017.657
1111.0,-977.0,-3211.0,1773949017.657
1111.0,-977.0,-3211.0,1773949017.657
1111.0,-977.0,-3211.0,1773949017.657
1111.0,-977.0,-3211.0,1773949017.657
1111.0,-977.0,-3211.0,1773949017.657
1111.0,-977.0,-3211.0,1773949017.657
1111.0,-977.0,-3211.0,1773949017.657
1111.0,-977.0,-3211.0,1773949017.657
1111.0,-977.0,-3211.0,1773949017.657
1111.0,-977.0,-3211.0,1773949017.657
1111.0,-977.0,-3211.0,1773949017.657
1145.0,-990.0,-3229.0,1773949027.457
1120.0,-969.0,-3202.0,1773949027.957
1120.0,-969.0,-3202.0,1773949027.957
1120.0,-969.0,-3202.0,1773949027.957
1120.0,-969.0,-3202.0,1773949027.957
1120.0,-969.0,-3202.0,1773949027.957
1136.0,-975.0,-3229.0,1773949028.477
1136.0,-975.0,-3229.0,1773949028.477
1136.0,-975.0,-3229.0,1773949028.477
1136.0,-975.0,-3229.0,1773949028.477
1136.0,-975.0,-3229.0,1773949028.477
1150.0,-986.0,-3256.0,1773949028.977
1150.0,-986.0,-3256.0,1773949028.977
1150.0,-986.0,-3256.0,1773949028.977
1320.0,-671.0,-3511.0,1773949038.457
1320.0,-671.0,-3511.0,1773949038.457
1524.0,8.0,-3853.0,1773949038.977
1612.0,840.0,-3005.0,1773949039.477
1612.0,840.0,-3005.0,1773949039.477
1612.0,840.0,-3005.0,1773949039.477
1612.0,840.0,-3005.0,1773949039.477
1334.0,970.0,-2010.0,1773949039.997
1334.0,970.0,-2010.0,1773949039.997
924.0,1083.0,-1519.0,1773949040.497
924.0,1083.0,-1519.0,1773949040.497
924.0,1083.0,-1519.0,1773949040.497
698.0,1075.0,-540.0,1773949041.017
698.0,1075.0,-540.0,1773949041.017
698.0,1075.0,-540.0,1773949041.017
618.0,669.0,-256.0,1773949041.537
618.0,669.0,-256.0,1773949041.537
500.0,516.0,-198.0,1773949042.037
500.0,516.0,-198.0,1773949042.037
500.0,516.0,-198.0,1773949042.037
456.0,345.0,-188.0,1773949042.557
456.0,345.0,-188.0,1773949042.557
471.0,274.0,-9.0,1773949043.058
471.0,274.0,-9.0,1773949043.058
471.0,274.0,-9.0,1773949043.058
490.0,-19.0,338.0,1773949043.578
490.0,-19.0,338.0,1773949043.578
490.0,-19.0,338.0,1773949043.578
629.0,-608.0,143.0,1773949044.078
629.0,-608.0,143.0,1773949044.078
643.0,-1104.0,-413.0,1773949044.598
643.0,-1104.0,-413.0,1773949044.598
643.0,-1104.0,-413.0,1773949044.598
540.0,-1454.0,-722.0,1773949045.098
540.0,-1454.0,-722.0,1773949045.098
540.0,-1454.0,-722.0,1773949045.098
432.0,-1658.0,-1887.0,1773949045.618
432.0,-1658.0,-1887.0,1773949045.618
436.0,-1436.0,-2580.0,1773949046.118
436.0,-1436.0,-2580.0,1773949046.118
513.0,-1338.0,-3126.0,1773949046.638
513.0,-1338.0,-3126.0,1773949046.638
293.0,-1139.0,-3790.0,1773949047.138
293.0,-1139.0,-3790.0,1773949047.138
293.0,-1139.0,-3790.0,1773949047.138
168.0,-695.0,-4396.0,1773949047.658
168.0,-695.0,-4396.0,1773949047.658
16.0,71.0,-4455.0,1773949048.158
16.0,71.0,-4455.0,1773949048.158
-256.0,1050.0,-3779.0,1773949048.678
-256.0,1050.0,-3779.0,1773949048.678
-256.0,1050.0,-3779.0,1773949048.678
-245.0,1636.0,-2320.0,1773949049.178
-245.0,1636.0,-2320.0,1773949049.178
224.0,1142.0,-1463.0,1773949049.678
224.0,1142.0,-1463.0,1773949049.678
639.0,464.0,-1953.0,1773949050.198
639.0,464.0,-1953.0,1773949050.198
710.0,274.0,-2445.0,1773949050.698
710.0,274.0,-2445.0,1773949050.698
627.0,381.0,-2630.0,1773949051.218
627.0,381.0,-2630.0,1773949051.218
566.0,639.0,-2463.0,1773949051.718
566.0,639.0,-2463.0,1773949051.718
566.0,639.0,-2463.0,1773949051.718
600.0,802.0,-2403.0,1773949052.238
600.0,802.0,-2403.0,1773949052.238
600.0,802.0,-2403.0,1773949052.238
492.0,1064.0,-2228.0,1773949052.738
492.0,1064.0,-2228.0,1773949052.738
165.0,1130.0,-1452.0,1773949053.258
165.0,1130.0,-1452.0,1773949053.258
165.0,1130.0,-1452.0,1773949053.258
-10.0,774.0,-809.0,1773949053.758
-10.0,774.0,-809.0,1773949053.758
-10.0,774.0,-809.0,1773949053.758
70.0,346.0,-439.0,1773949054.278
70.0,346.0,-439.0,1773949054.278
378.0,53.0,-447.0,1773949054.779
378.0,53.0,-447.0,1773949054.779
925.0,-199.0,-856.0,1773949055.298
925.0,-199.0,-856.0,1773949055.298
925.0,-199.0,-856.0,1773949055.298
1473.0,-388.0,-1389.0,1773949055.798
1473.0,-388.0,-1389.0,1773949055.798
1473.0,-388.0,-1389.0,1773949055.798
1627.0,-368.0,-2217.0,1773949056.32
1627.0,-368.0,-2217.0,1773949056.32
1543.0,-42.0,-3013.0,1773949056.818
1543.0,-42.0,-3013.0,1773949056.818
1543.0,-42.0,-3013.0,1773949056.818
1332.0,559.0,-3286.0,1773949057.338
1332.0,559.0,-3286.0,1773949057.338
870.0,1209.0,-2749.0,1773949057.838
870.0,1209.0,-2749.0,1773949057.838
604.0,1882.0,-1888.0,1773949058.358
604.0,1882.0,-1888.0,1773949058.358
604.0,1882.0,-1888.0,1773949058.358
1348.0,2196.0,-568.0,1773949058.858
1348.0,2196.0,-568.0,1773949058.858
1348.0,2196.0,-568.0,1773949058.858
1424.0,2146.0,-618.0,1773949059.379
1424.0,2146.0,-618.0,1773949059.379
1278.0,2229.0,-589.0,1773949059.878
1278.0,2229.0,-589.0,1773949059.878
1278.0,2229.0,-589.0,1773949059.878
993.0,1996.0,-1362.0,1773949060.384
993.0,1996.0,-1362.0,1773949060.384
993.0,1996.0,-1362.0,1773949060.384
958.0,2015.0,-1319.0,1773949060.898
958.0,2015.0,-1319.0,1773949060.898
1187.0,2222.0,-646.0,1773949061.418
1187.0,2222.0,-646.0,1773949061.418
1187.0,2222.0,-646.0,1773949061.418
1179.0,2277.0,-508.0,1773949061.918
1179.0,2277.0,-508.0,1773949061.918
870.0,2067.0,-1267.0,1773949062.438
870.0,2067.0,-1267.0,1773949062.438
870.0,2067.0,-1267.0,1773949062.438
860.0,2062.0,-1262.0,1773949062.938
860.0,2062.0,-1262.0,1773949062.938
860.0,2062.0,-1262.0,1773949062.938
875.0,2068.0,-1265.0,1773949063.458
875.0,2068.0,-1265.0,1773949063.458
902.0,2056.0,-1296.0,1773949063.958
902.0,2056.0,-1296.0,1773949063.958
706.0,2135.0,-1252.0,1773949064.458
706.0,2135.0,-1252.0,1773949064.458
706.0,2135.0,-1252.0,1773949064.458
449.0,2154.0,-1337.0,1773949064.984
449.0,2154.0,-1337.0,1773949064.984
-138.0,2110.0,-1371.0,1773949065.498
-138.0,2110.0,-1371.0,1773949065.498
-138.0,2110.0,-1371.0,1773949065.498
-953.0,2093.0,-1169.0,1773949065.998
-953.0,2093.0,-1169.0,1773949065.998
-953.0,2093.0,-1169.0,1773949065.998
-965.0,2100.0,-1203.0,1773949066.518
-965.0,2100.0,-1203.0,1773949066.518
-958.0,2109.0,-1191.0,1773949067.018
-958.0,2109.0,-1191.0,1773949067.018
-958.0,2109.0,-1191.0,1773949067.018
-955.0,2100.0,-1201.0,1773949067.538
-955.0,2100.0,-1201.0,1773949067.538
-955.0,2100.0,-1201.0,1773949067.538
-949.0,2103.0,-1190.0,1773949068.038
-949.0,2103.0,-1190.0,1773949068.038
-947.0,2091.0,-1207.0,1773949068.558
-947.0,2091.0,-1207.0,1773949068.558
-947.0,2091.0,-1207.0,1773949068.558
-1000.0,2095.0,-1068.0,1773949069.061
-1000.0,2095.0,-1068.0,1773949069.061
-1310.0,1505.0,-652.0,1773949069.578
-1310.0,1505.0,-652.0,1773949069.578
-1310.0,1505.0,-652.0,1773949069.578
-1310.0,1505.0,-652.0,1773949069.578
-605.0,1184.0,-566.0,1773949070.078
-605.0,1184.0,-566.0,1773949070.078
-605.0,1184.0,-566.0,1773949070.078
-1160.0,694.0,-173.0,1773949070.598
-1160.0,694.0,-173.0,1773949070.598
-1160.0,694.0,-173.0,1773949070.598
-1456.0,907.0,-114.0,1773949071.098
-1456.0,907.0,-114.0,1773949071.098
-1456.0,907.0,-114.0,1773949071.098
-1450.0,902.0,-105.0,1773949071.598
-1450.0,902.0,-105.0,1773949071.598
-1450.0,902.0,-105.0,1773949071.598
-1451.0,909.0,-87.0,1773949072.122
-1451.0,909.0,-87.0,1773949072.122
-1451.0,909.0,-87.0,1773949072.122
-1460.0,913.0,-87.0,1773949072.638
-1460.0,913.0,-87.0,1773949072.638
-1460.0,913.0,-87.0,1773949072.638
-1464.0,903.0,-72.0,1773949073.138
-1464.0,903.0,-72.0,1773949073.138
-1464.0,903.0,-72.0,1773949073.138
-1430.0,893.0,-98.0,1773949073.658
-1430.0,893.0,-98.0,1773949073.658
-1430.0,893.0,-98.0,1773949073.658
-1316.0,901.0,-139.0,1773949074.158
-1316.0,901.0,-139.0,1773949074.158
-985.0,1208.0,-192.0,1773949074.678
-985.0,1208.0,-192.0,1773949074.678
-985.0,1208.0,-192.0,1773949074.678
-409.0,1518.0,-333.0,1773949075.179
-409.0,1518.0,-333.0,1773949075.179
-409.0,1518.0,-333.0,1773949075.179
348.0,1552.0,-517.0,1773949075.698
348.0,1552.0,-517.0,1773949075.698
997.0,1275.0,-758.0,1773949076.2
997.0,1275.0,-758.0,1773949076.2
997.0,1275.0,-758.0,1773949076.2
915.0,1328.0,-717.0,1773949076.718
915.0,1328.0,-717.0,1773949076.718
914.0,1329.0,-714.0,1773949077.218
914.0,1329.0,-714.0,1773949077.218
914.0,1329.0,-714.0,1773949077.218
912.0,1337.0,-704.0,1773949077.739
912.0,1337.0,-704.0,1773949077.739
897.0,1340.0,-568.0,1773949078.24
897.0,1340.0,-568.0,1773949078.24
897.0,1340.0,-568.0,1773949078.24
614.0,1343.0,167.0,1773949078.758
614.0,1343.0,167.0,1773949078.758
614.0,1343.0,167.0,1773949078.758
367.0,1152.0,575.0,1773949079.258
367.0,1152.0,575.0,1773949079.258
492.0,875.0,560.0,1773949079.759
492.0,875.0,560.0,1773949079.759
492.0,875.0,560.0,1773949079.759
1155.0,301.0,184.0,1773949080.279
1155.0,301.0,184.0,1773949080.279
1155.0,301.0,184.0,1773949080.279
1438.0,-334.0,-140.0,1773949080.799
1438.0,-334.0,-140.0,1773949080.799
1438.0,-334.0,-140.0,1773949080.799
1083.0,-871.0,-541.0,1773949081.299
1083.0,-871.0,-541.0,1773949081.299
1083.0,-871.0,-541.0,1773949081.299
728.0,-863.0,-329.0,1773949081.802
728.0,-863.0,-329.0,1773949081.802
728.0,-863.0,-329.0,1773949081.802
556.0,-925.0,-302.0,1773949082.319
556.0,-925.0,-302.0,1773949082.319
574.0,-901.0,-189.0,1773949082.823
574.0,-901.0,-189.0,1773949082.823
574.0,-901.0,-189.0,1773949082.823
763.0,-815.0,-235.0,1773949083.339
763.0,-815.0,-235.0,1773949083.339
763.0,-815.0,-235.0,1773949083.339
1495.0,-1096.0,-885.0,1773949083.846
1495.0,-1096.0,-885.0,1773949083.846
1495.0,-1096.0,-885.0,1773949083.846
721.0,-701.0,-1244.0,1773949084.359
721.0,-701.0,-1244.0,1773949084.359
975.0,-572.0,-902.0,1773949084.879
975.0,-572.0,-902.0,1773949084.879
975.0,-572.0,-902.0,1773949084.879
991.0,-789.0,-1126.0,1773949085.381
991.0,-789.0,-1126.0,1773949085.381
991.0,-789.0,-1126.0,1773949085.381
1312.0,-806.0,-1953.0,1773949085.899
1312.0,-806.0,-1953.0,1773949085.899
1312.0,-806.0,-1953.0,1773949085.899
1950.0,-547.0,-2567.0,1773949086.399
1950.0,-547.0,-2567.0,1773949086.399
1950.0,-547.0,-2567.0,1773949086.399
2029.0,-1606.0,-2818.0,1773949086.919
2029.0,-1606.0,-2818.0,1773949086.919
1267.0,-1773.0,-2659.0,1773949087.419
1267.0,-1773.0,-2659.0,1773949087.419
1267.0,-1773.0,-2659.0,1773949087.419
1267.0,-1773.0,-2659.0,1773949087.419
1239.0,-1891.0,-3586.0,1773949087.939
1239.0,-1891.0,-3586.0,1773949087.939
1254.0,-1637.0,-4510.0,1773949088.439
1254.0,-1637.0,-4510.0,1773949088.439
1254.0,-1637.0,-4510.0,1773949088.439
1254.0,-1637.0,-4510.0,1773949088.439
1230.0,-1103.0,-5212.0,1773949088.959
1230.0,-1103.0,-5212.0,1773949088.959
1242.0,-424.0,-5444.0,1773949089.459
1242.0,-424.0,-5444.0,1773949089.459
1242.0,-424.0,-5444.0,1773949089.459
1001.0,399.0,-5219.0,1773949089.959
1001.0,399.0,-5219.0,1773949089.959
1001.0,399.0,-5219.0,1773949089.959
586.0,1223.0,-4147.0,1773949090.479
586.0,1223.0,-4147.0,1773949090.479
586.0,1223.0,-4147.0,1773949090.479
776.0,1168.0,-4134.0,1773949090.981
776.0,1168.0,-4134.0,1773949090.981
847.0,1154.0,-4074.0,1773949091.499
847.0,1154.0,-4074.0,1773949091.499
847.0,1154.0,-4074.0,1773949091.499
844.0,1157.0,-4049.0,1773949092.019
844.0,1157.0,-4049.0,1773949092.019
844.0,1157.0,-4049.0,1773949092.019
872.0,1150.0,-4064.0,1773949092.519
872.0,1150.0,-4064.0,1773949092.519
872.0,1150.0,-4064.0,1773949092.519
859.0,1216.0,-3667.0,1773949093.02
859.0,1216.0,-3667.0,1773949093.02
902.0,1145.0,-2984.0,1773949093.539
902.0,1145.0,-2984.0,1773949093.539
902.0,1145.0,-2984.0,1773949093.539
868.0,673.0,-2805.0,1773949094.059
868.0,673.0,-2805.0,1773949094.059
868.0,673.0,-2805.0,1773949094.059
750.0,538.0,-2668.0,1773949094.559
750.0,538.0,-2668.0,1773949094.559
750.0,538.0,-2668.0,1773949094.559
425.0,489.0,-2302.0,1773949095.079
425.0,489.0,-2302.0,1773949095.079
321.0,574.0,-2136.0,1773949095.581
321.0,574.0,-2136.0,1773949095.581
321.0,574.0,-2136.0,1773949095.581
437.0,986.0,-1532.0,1773949096.099
437.0,986.0,-1532.0,1773949096.099
437.0,986.0,-1532.0,1773949096.099
629.0,994.0,-1276.0,1773949096.6
629.0,994.0,-1276.0,1773949096.6
629.0,994.0,-1276.0,1773949096.6
543.0,989.0,-944.0,1773949097.099
543.0,989.0,-944.0,1773949097.099
583.0,929.0,-709.0,1773949097.619
583.0,929.0,-709.0,1773949097.619
583.0,929.0,-709.0,1773949097.619
564.0,791.0,-880.0,1773949098.119
564.0,791.0,-880.0,1773949098.119
564.0,791.0,-880.0,1773949098.119
487.0,850.0,-618.0,1773949098.64
487.0,850.0,-618.0,1773949098.64
487.0,850.0,-618.0,1773949098.64
429.0,549.0,-503.0,1773949099.141
429.0,549.0,-503.0,1773949099.141
429.0,549.0,-503.0,1773949099.141
557.0,444.0,-751.0,1773949099.66
557.0,444.0,-751.0,1773949099.66
695.0,627.0,-426.0,1773949100.159
695.0,627.0,-426.0,1773949100.159
695.0,627.0,-426.0,1773949100.159
868.0,582.0,387.0,1773949100.681
868.0,582.0,387.0,1773949100.681
1087.0,190.0,699.0,1773949101.199
1087.0,190.0,699.0,1773949101.199
1087.0,190.0,699.0,1773949101.199
1087.0,190.0,699.0,1773949101.199
1388.0,-422.0,579.0,1773949101.702
1388.0,-422.0,579.0,1773949101.702
1671.0,-1083.0,-153.0,1773949102.2
1671.0,-1083.0,-153.0,1773949102.2
1671.0,-1083.0,-153.0,1773949102.2
1833.0,-1588.0,-1635.0,1773949102.72
1833.0,-1588.0,-1635.0,1773949102.72
1833.0,-1588.0,-1635.0,1773949102.72
1724.0,-1414.0,-2978.0,1773949103.22
1724.0,-1414.0,-2978.0,1773949103.22
1724.0,-1414.0,-2978.0,1773949103.22
1525.0,-756.0,-3748.0,1773949103.719
1525.0,-756.0,-3748.0,1773949103.719
1525.0,-68.0,-3872.0,1773949104.24
1525.0,-68.0,-3872.0,1773949104.24
1525.0,-68.0,-3872.0,1773949104.24
1590.0,492.0,-3874.0,1773949104.741
1590.0,492.0,-3874.0,1773949104.741
1590.0,492.0,-3874.0,1773949104.741
1529.0,1257.0,-3309.0,1773949105.26
1529.0,1257.0,-3309.0,1773949105.26
1547.0,1671.0,-2180.0,1773949105.785
1547.0,1671.0,-2180.0,1773949105.785
1547.0,1671.0,-2180.0,1773949105.785
1896.0,1471.0,-1494.0,1773949106.282
1896.0,1471.0,-1494.0,1773949106.282
2097.0,1417.0,-938.0,1773949106.8
2097.0,1417.0,-938.0,1773949106.8
2097.0,1417.0,-938.0,1773949106.8
2250.0,1231.0,-3.0,1773949107.3
2250.0,1231.0,-3.0,1773949107.3
2250.0,1231.0,-3.0,1773949107.3
2222.0,918.0,247.0,1773949107.821
2222.0,918.0,247.0,1773949107.821
2222.0,918.0,247.0,1773949107.821
2231.0,897.0,267.0,1773949108.319
2231.0,897.0,267.0,1773949108.319
2231.0,897.0,267.0,1773949108.319
2261.0,946.0,207.0,1773949108.841
2261.0,946.0,207.0,1773949108.841
2261.0,946.0,207.0,1773949108.841
1959.0,1472.0,305.0,1773949109.34
1959.0,1472.0,305.0,1773949109.34
1158.0,2108.0,519.0,1773949109.86
1158.0,2108.0,519.0,1773949109.86
290.0,2392.0,691.0,1773949110.362
290.0,2392.0,691.0,1773949110.362
290.0,2392.0,691.0,1773949110.362
-806.0,2354.0,933.0,1773949110.88
-806.0,2354.0,933.0,1773949110.88
-806.0,2354.0,933.0,1773949110.88
-1495.0,2169.0,1013.0,1773949111.384
-1495.0,2169.0,1013.0,1773949111.384
-1495.0,2169.0,1013.0,1773949111.384
-1425.0,2148.0,1041.0,1773949111.901
-1425.0,2148.0,1041.0,1773949111.901
-1372.0,1958.0,1545.0,1773949112.402
-1372.0,1958.0,1545.0,1773949112.402
-1372.0,1958.0,1545.0,1773949112.402
-1394.0,1477.0,2027.0,1773949112.92
-1394.0,1477.0,2027.0,1773949112.92
-1386.0,1012.0,2149.0,1773949113.42
-1386.0,1012.0,2149.0,1773949113.42
-1386.0,1012.0,2149.0,1773949113.42
-1423.0,592.0,2114.0,1773949113.947
-1423.0,592.0,2114.0,1773949113.947
-1423.0,592.0,2114.0,1773949113.947
-1414.0,566.0,2126.0,1773949114.44
-1414.0,566.0,2126.0,1773949114.44
-1413.0,550.0,2113.0,1773949114.96
-1413.0,550.0,2113.0,1773949114.96
-1413.0,550.0,2113.0,1773949114.96
-1265.0,544.0,2060.0,1773949115.46
-1265.0,544.0,2060.0,1773949115.46
-1066.0,934.0,2072.0,1773949115.98
-1066.0,934.0,2072.0,1773949115.98
-766.0,1225.0,2018.0,1773949116.48
-766.0,1225.0,2018.0,1773949116.48
-766.0,1225.0,2018.0,1773949116.48
-813.0,1308.0,2069.0,1773949117.0
-813.0,1308.0,2069.0,1773949117.0
-739.0,1216.0,2026.0,1773949117.503
-739.0,1216.0,2026.0,1773949117.503
-581.0,750.0,1779.0,1773949118.02
-581.0,750.0,1779.0,1773949118.02
-581.0,750.0,1779.0,1773949118.02
-331.0,252.0,1279.0,1773949118.521
-331.0,252.0,1279.0,1773949118.521
-331.0,252.0,1279.0,1773949118.521
-331.0,252.0,1279.0,1773949118.521
5.0,-57.0,368.0,1773949119.04
260.0,-227.0,-404.0,1773949119.541
260.0,-227.0,-404.0,1773949119.541
260.0,-227.0,-404.0,1773949119.541
260.0,-227.0,-404.0,1773949119.541
256.0,-159.0,-1536.0,1773949120.06
256.0,-159.0,-1536.0,1773949120.06
29.0,419.0,-2036.0,1773949120.56
29.0,419.0,-2036.0,1773949120.56
29.0,419.0,-2036.0,1773949120.56
-124.0,841.0,-1860.0,1773949121.08
-124.0,841.0,-1860.0,1773949121.08
-343.0,1145.0,-1075.0,1773949121.581
-343.0,1145.0,-1075.0,1773949121.581
-343.0,1145.0,-1075.0,1773949121.581
-739.0,848.0,-100.0,1773949122.1
-739.0,848.0,-100.0,1773949122.1
-739.0,848.0,-100.0,1773949122.1
-878.0,167.0,9.0,1773949122.6
-878.0,167.0,9.0,1773949122.6
-896.0,-104.0,-471.0,1773949123.121
-896.0,-104.0,-471.0,1773949123.121
-896.0,-104.0,-471.0,1773949123.121
-804.0,-165.0,-584.0,1773949123.62
-804.0,-165.0,-584.0,1773949123.62
-839.0,-188.0,-1166.0,1773949124.143
-839.0,-188.0,-1166.0,1773949124.143
-839.0,-188.0,-1166.0,1773949124.143
-1081.0,-6.0,-1936.0,1773949124.64
-1081.0,-6.0,-1936.0,1773949124.64
-1081.0,-6.0,-1936.0,1773949124.64
-1382.0,266.0,-2512.0,1773949125.16
-1382.0,266.0,-2512.0,1773949125.16
-1374.0,452.0,-2489.0,1773949125.66
-1374.0,452.0,-2489.0,1773949125.66
-1374.0,452.0,-2489.0,1773949125.66
-1351.0,530.0,-2103.0,1773949126.182
-1351.0,530.0,-2103.0,1773949126.182
-1351.0,530.0,-2103.0,1773949126.182
-1271.0,359.0,-1928.0,1773949126.68
-1271.0,359.0,-1928.0,1773949126.68
-1054.0,33.0,-1980.0,1773949127.204
-1054.0,33.0,-1980.0,1773949127.204
-1054.0,33.0,-1980.0,1773949127.204
-872.0,135.0,-2357.0,1773949127.702
-872.0,135.0,-2357.0,1773949127.702
-872.0,135.0,-2357.0,1773949127.702
-880.0,303.0,-2109.0,1773949128.22
-880.0,303.0,-2109.0,1773949128.22
-794.0,-4.0,-2002.0,1773949128.72
-794.0,-4.0,-2002.0,1773949128.72
-794.0,-4.0,-2002.0,1773949128.72
-862.0,-375.0,-2345.0,1773949129.243
-862.0,-375.0,-2345.0,1773949129.243
-862.0,-375.0,-2345.0,1773949129.243
-1228.0,-944.0,-4236.0,1773949129.76
-1228.0,-944.0,-4236.0,1773949129.76
-1139.0,-220.0,-6221.0,1773949130.261
-1139.0,-220.0,-6221.0,1773949130.261
-1139.0,-220.0,-6221.0,1773949130.261
-708.0,843.0,-5843.0,1773949130.789
-708.0,843.0,-5843.0,1773949130.789
-708.0,843.0,-5843.0,1773949130.789
-494.0,978.0,-5240.0,1773949131.28
-494.0,978.0,-5240.0,1773949131.28
-496.0,742.0,-4888.0,1773949131.802
-496.0,742.0,-4888.0,1773949131.802
-496.0,742.0,-4888.0,1773949131.802
-435.0,545.0,-5249.0,1773949132.305
-435.0,545.0,-5249.0,1773949132.305
-435.0,545.0,-5249.0,1773949132.305
-359.0,925.0,-5174.0,1773949132.821
-359.0,925.0,-5174.0,1773949132.821
-359.0,925.0,-5174.0,1773949132.821
-260.0,899.0,-4795.0,1773949133.32
-260.0,899.0,-4795.0,1773949133.32
-170.0,1419.0,-5104.0,1773949133.84
-170.0,1419.0,-5104.0,1773949133.84
-170.0,1419.0,-5104.0,1773949133.84
-370.0,2193.0,-3593.0,1773949134.34
-370.0,2193.0,-3593.0,1773949134.34
-336.0,1637.0,-2706.0,1773949134.861
-336.0,1637.0,-2706.0,1773949134.861
-336.0,1637.0,-2706.0,1773949134.861
-139.0,1632.0,-2634.0,1773949135.36
-139.0,1632.0,-2634.0,1773949135.36
-139.0,1632.0,-2634.0,1773949135.36
-272.0,1713.0,-1714.0,1773949135.88
-272.0,1713.0,-1714.0,1773949135.88
-272.0,1713.0,-1714.0,1773949135.88
-354.0,1347.0,-1050.0,1773949136.381
-354.0,1347.0,-1050.0,1773949136.381
-206.0,839.0,-1194.0,1773949136.902
-206.0,839.0,-1194.0,1773949136.902
-227.0,753.0,-1456.0,1773949137.404
-227.0,753.0,-1456.0,1773949137.404
-227.0,753.0,-1456.0,1773949137.404
-254.0,814.0,-1598.0,1773949137.922
-254.0,814.0,-1598.0,1773949137.922
-326.0,856.0,-1414.0,1773949138.421
-326.0,856.0,-1414.0,1773949138.421
-326.0,856.0,-1414.0,1773949138.421
-408.0,684.0,-1603.0,1773949138.94
-408.0,684.0,-1603.0,1773949138.94
-624.0,695.0,-1531.0,1773949139.44
-624.0,695.0,-1531.0,1773949139.44
-624.0,695.0,-1531.0,1773949139.44
-774.0,696.0,-1559.0,1773949139.96
-774.0,696.0,-1559.0,1773949139.96
-912.0,626.0,-1237.0,1773949140.46
-912.0,626.0,-1237.0,1773949140.46
-912.0,626.0,-1237.0,1773949140.46
-1037.0,478.0,-1306.0,1773949140.981
-1037.0,478.0,-1306.0,1773949140.981
-1037.0,478.0,-1306.0,1773949140.981
-1176.0,388.0,-1486.0,1773949141.505
-1176.0,388.0,-1486.0,1773949141.505
-1176.0,388.0,-1486.0,1773949141.505
-1265.0,460.0,-1447.0,1773949142.003
-1265.0,460.0,-1447.0,1773949142.003
-1265.0,460.0,-1447.0,1773949142.003
-1296.0,403.0,-1375.0,1773949142.52
-1296.0,403.0,-1375.0,1773949142.52
-1296.0,403.0,-1375.0,1773949142.52
-1338.0,343.0,-1390.0,1773949143.021
-1338.0,343.0,-1390.0,1773949143.021
-1349.0,457.0,-1453.0,1773949143.542
-1349.0,457.0,-1453.0,1773949143.542
-1349.0,457.0,-1453.0,1773949143.542
-1390.0,464.0,-1258.0,1773949144.041
-1390.0,464.0,-1258.0,1773949144.041
-1390.0,464.0,-1258.0,1773949144.041
-1413.0,355.0,-1382.0,1773949144.56
-1413.0,355.0,-1382.0,1773949144.56
-1560.0,523.0,-1327.0,1773949145.061
-1560.0,523.0,-1327.0,1773949145.061
-1560.0,523.0,-1327.0,1773949145.061
-1617.0,473.0,-1100.0,1773949145.583
-1617.0,473.0,-1100.0,1773949145.583
-1616.0,295.0,-1209.0,1773949146.08
-1616.0,295.0,-1209.0,1773949146.08
-1574.0,568.0,-1430.0,1773949146.604
-1574.0,568.0,-1430.0,1773949146.604
-1574.0,568.0,-1430.0,1773949146.604
-1539.0,692.0,-1043.0,1773949147.102
-1539.0,692.0,-1043.0,1773949147.102
-1539.0,692.0,-1043.0,1773949147.102
-1441.0,516.0,-897.0,1773949147.621
-1441.0,516.0,-897.0,1773949147.621
-1441.0,516.0,-897.0,1773949147.621
-1361.0,455.0,-1126.0,1773949148.124
-1361.0,455.0,-1126.0,1773949148.124
-1361.0,455.0,-1126.0,1773949148.124
-1445.0,518.0,-1036.0,1773949148.644
-1445.0,518.0,-1036.0,1773949148.644
-1473.0,333.0,-1109.0,1773949149.14
-1473.0,333.0,-1109.0,1773949149.14
-1473.0,333.0,-1109.0,1773949149.14
-1437.0,244.0,-1621.0,1773949149.661
-1437.0,244.0,-1621.0,1773949149.661
-1456.0,568.0,-1577.0,1773949150.161
-1456.0,568.0,-1577.0,1773949150.161
-1456.0,568.0,-1577.0,1773949150.161
-1476.0,567.0,-1418.0,1773949150.681
-1476.0,567.0,-1418.0,1773949150.681
-1476.0,567.0,-1418.0,1773949150.681
-1465.0,506.0,-1643.0,1773949151.181
-1465.0,506.0,-1643.0,1773949151.181
-1331.0,814.0,-1641.0,1773949151.703
-1331.0,814.0,-1641.0,1773949151.703
-1331.0,814.0,-1641.0,1773949151.703
-1284.0,911.0,-1117.0,1773949152.201
-1284.0,911.0,-1117.0,1773949152.201
-1013.0,549.0,-694.0,1773949152.721
-1013.0,549.0,-694.0,1773949152.721
-531.0,332.0,-886.0,1773949153.221
-531.0,332.0,-886.0,1773949153.221
-531.0,332.0,-886.0,1773949153.221
-531.0,332.0,-886.0,1773949153.221
-531.0,332.0,-886.0,1773949153.221
-531.0,332.0,-886.0,1773949153.221
-271.0,67.0,-997.0,1773949153.741
-335.0,166.0,-1297.0,1773949154.241
-335.0,166.0,-1297.0,1773949154.241
-335.0,166.0,-1297.0,1773949154.241
-448.0,16.0,-1029.0,1773949154.741
-448.0,16.0,-1029.0,1773949154.741
-192.0,-357.0,-1411.0,1773949155.243
-192.0,-357.0,-1411.0,1773949155.243
22.0,-607.0,-2057.0,1773949155.761
22.0,-607.0,-2057.0,1773949155.761
22.0,-607.0,-2057.0,1773949155.761
338.0,-638.0,-2599.0,1773949156.261
338.0,-638.0,-2599.0,1773949156.261
338.0,-638.0,-2599.0,1773949156.261
477.0,-550.0,-3031.0,1773949156.761
477.0,-550.0,-3031.0,1773949156.761
480.0,-460.0,-3296.0,1773949157.281
480.0,-460.0,-3296.0,1773949157.281
480.0,-460.0,-3296.0,1773949157.281
438.0,-125.0,-3363.0,1773949157.781
438.0,-125.0,-3363.0,1773949157.781
467.0,-239.0,-2904.0,1773949158.303
467.0,-239.0,-2904.0,1773949158.303
546.0,-130.0,-3301.0,1773949158.802
546.0,-130.0,-3301.0,1773949158.802
546.0,-130.0,-3301.0,1773949158.802
884.0,43.0,-3571.0,1773949159.321
884.0,43.0,-3571.0,1773949159.321
813.0,536.0,-3532.0,1773949159.821
813.0,536.0,-3532.0,1773949159.821
813.0,536.0,-3532.0,1773949159.821
518.0,739.0,-3540.0,1773949160.341
518.0,739.0,-3540.0,1773949160.341
-89.0,1131.0,-3630.0,1773949160.841
-89.0,1131.0,-3630.0,1773949160.841
-1177.0,1218.0,-3090.0,1773949161.361
-1177.0,1218.0,-3090.0,1773949161.361
-1548.0,373.0,-2589.0,1773949161.861
-1548.0,373.0,-2589.0,1773949161.861
-97.0,-446.0,-3097.0,1773949162.383
-97.0,-446.0,-3097.0,1773949162.383
899.0,-10.0,-3227.0,1773949162.881
899.0,-10.0,-3227.0,1773949162.881
1046.0,306.0,-2913.0,1773949163.402
1046.0,306.0,-2913.0,1773949163.402
762.0,616.0,-2307.0,1773949163.901
762.0,616.0,-2307.0,1773949163.901
926.0,526.0,-2372.0,1773949164.422
926.0,526.0,-2372.0,1773949164.422
1077.0,293.0,-2446.0,1773949164.922
1077.0,293.0,-2446.0,1773949164.922
1077.0,293.0,-2446.0,1773949164.922
1172.0,-38.0,-2480.0,1773949165.441
1172.0,-38.0,-2480.0,1773949165.441
1070.0,-35.0,-2439.0,1773949165.941
1142.0,-51.0,-2480.0,1773949166.461
1142.0,-51.0,-2480.0,1773949166.461
1093.0,113.0,-2372.0,1773949166.961
1093.0,113.0,-2372.0,1773949166.961
1004.0,288.0,-2269.0,1773949167.481
1004.0,288.0,-2269.0,1773949167.481
909.0,322.0,-2033.0,1773949167.987
909.0,322.0,-2033.0,1773949167.987
713.0,-5.0,-1970.0,1773949168.501
713.0,-5.0,-1970.0,1773949168.501
409.0,-205.0,-2410.0,1773949169.003
260.0,-187.0,-2636.0,1773949169.522
260.0,-187.0,-2636.0,1773949169.522
313.0,-211.0,-2657.0,1773949170.021
313.0,-211.0,-2657.0,1773949170.021
406.0,-246.0,-2711.0,1773949170.541
404.0,-227.0,-2692.0,1773949171.062
404.0,-227.0,-2692.0,1773949171.062
364.0,-225.0,-2674.0,1773949171.561
364.0,-225.0,-2674.0,1773949171.561
252.0,-169.0,-2584.0,1773949172.062
252.0,-169.0,-2584.0,1773949172.062
257.0,-175.0,-2589.0,1773949172.581
257.0,-175.0,-2589.0,1773949172.581
419.0,-101.0,-2718.0,1773949173.081
419.0,-101.0,-2718.0,1773949173.081
595.0,476.0,-2530.0,1773949173.602
595.0,476.0,-2530.0,1773949173.602
586.0,733.0,-2085.0,1773949174.102
586.0,733.0,-2085.0,1773949174.102
644.0,687.0,-2187.0,1773949174.621
644.0,687.0,-2187.0,1773949174.621
345.0,776.0,-2189.0,1773949175.121
345.0,776.0,-2189.0,1773949175.121
-115.0,844.0,-2062.0,1773949175.642
-115.0,844.0,-2062.0,1773949175.642
-96.0,843.0,-2023.0,1773949176.142
-96.0,843.0,-2023.0,1773949176.142
-42.0,895.0,-1512.0,1773949176.661
-42.0,895.0,-1512.0,1773949176.661
-42.0,895.0,-1512.0,1773949176.661
-58.0,764.0,-738.0,1773949177.161
-58.0,764.0,-738.0,1773949177.161
-81.0,335.0,-145.0,1773949177.681
-81.0,335.0,-145.0,1773949177.681
47.0,-304.0,-484.0,1773949178.204
47.0,-304.0,-484.0,1773949178.204
130.0,-466.0,-992.0,1773949178.702
130.0,-466.0,-992.0,1773949178.702
211.0,-402.0,-1475.0,1773949179.202
211.0,-402.0,-1475.0,1773949179.202
390.0,-105.0,-1677.0,1773949179.721
390.0,-105.0,-1677.0,1773949179.721
531.0,140.0,-1703.0,1773949180.221
531.0,140.0,-1703.0,1773949180.221
377.0,518.0,-1366.0,1773949180.741
377.0,518.0,-1366.0,1773949180.741
325.0,286.0,-883.0,1773949181.241
325.0,286.0,-883.0,1773949181.241
392.0,212.0,-825.0,1773949181.761
392.0,212.0,-825.0,1773949181.761
392.0,212.0,-825.0,1773949181.761
113.0,195.0,-760.0,1773949182.262
160.0,18.0,-271.0,1773949182.782
160.0,18.0,-271.0,1773949182.782
160.0,18.0,-271.0,1773949182.782
117.0,-258.0,69.0,1773949183.281
8.0,-524.0,201.0,1773949183.802
8.0,-524.0,201.0,1773949183.802
-57.0,-769.0,353.0,1773949184.302
-57.0,-769.0,353.0,1773949184.302
-26.0,-1295.0,322.0,1773949184.821
-26.0,-1295.0,322.0,1773949184.821
170.0,-1595.0,-464.0,1773949185.322
170.0,-1595.0,-464.0,1773949185.322
394.0,-1728.0,-1076.0,1773949185.842
394.0,-1728.0,-1076.0,1773949185.842
471.0,-1823.0,-1860.0,1773949186.342
471.0,-1823.0,-1860.0,1773949186.342
556.0,-1537.0,-2558.0,1773949186.862
483.0,-1012.0,-2562.0,1773949187.362
483.0,-1012.0,-2562.0,1773949187.362
264.0,-633.0,-1989.0,1773949187.882
264.0,-633.0,-1989.0,1773949187.882
154.0,-653.0,-1363.0,1773949188.382
154.0,-653.0,-1363.0,1773949188.382
111.0,-880.0,-988.0,1773949188.902
14.0,-1205.0,-1041.0,1773949189.402
14.0,-1205.0,-1041.0,1773949189.402
-128.0,-1303.0,-1510.0,1773949189.922
-128.0,-1303.0,-1510.0,1773949189.922
-221.0,-1051.0,-1816.0,1773949190.422
-221.0,-1051.0,-1816.0,1773949190.422
-167.0,-907.0,-1959.0,1773949190.945
-167.0,-907.0,-1959.0,1773949190.945
29.0,-626.0,-2066.0,1773949191.442
29.0,-626.0,-2066.0,1773949191.442
170.0,-365.0,-1793.0,1773949191.962
170.0,-365.0,-1793.0,1773949191.962
83.0,-242.0,-1615.0,1773949192.462
83.0,-242.0,-1615.0,1773949192.462
-203.0,-36.0,-1226.0,1773949192.983
-385.0,189.0,-799.0,1773949193.502
-385.0,189.0,-799.0,1773949193.502
-452.0,270.0,-374.0,1773949194.002
-452.0,270.0,-374.0,1773949194.002
-439.0,315.0,-5.0,1773949194.502
-439.0,315.0,-5.0,1773949194.502
-339.0,2.0,276.0,1773949195.022
-339.0,2.0,276.0,1773949195.022
-297.0,-108.0,130.0,1773949195.522
-297.0,-108.0,130.0,1773949195.522
-210.0,-127.0,184.0,1773949196.042
-210.0,-127.0,184.0,1773949196.042
-110.0,-201.0,310.0,1773949196.542
-110.0,-201.0,310.0,1773949196.542
63.0,-334.0,269.0,1773949197.062
90.0,-368.0,254.0,1773949197.562
90.0,-368.0,254.0,1773949197.562
109.0,-251.0,199.0,1773949198.082
109.0,-251.0,199.0,1773949198.082
172.0,-176.0,532.0,1773949198.583
230.0,-262.0,764.0,1773949199.102
230.0,-262.0,764.0,1773949199.102
303.0,-245.0,944.0,1773949199.602
303.0,-245.0,944.0,1773949199.602
378.0,-296.0,1393.0,1773949200.122
378.0,-296.0,1393.0,1773949200.122
469.0,-832.0,1129.0,1773949200.622
469.0,-832.0,1129.0,1773949200.622
671.0,-889.0,364.0,1773949201.142
795.0,-635.0,-62.0,1773949201.642
795.0,-635.0,-62.0,1773949201.642
901.0,-411.0,6.0,1773949202.162
901.0,-411.0,6.0,1773949202.162
1100.0,-357.0,-459.0,1773949202.682
1100.0,-357.0,-459.0,1773949202.682
1345.0,-6.0,27.0,1773949203.183
1345.0,-6.0,27.0,1773949203.183
1710.0,-454.0,-37.0,1773949203.702
1710.0,-454.0,-37.0,1773949203.702
1905.0,-545.0,-503.0,1773949204.204
1905.0,-545.0,-503.0,1773949204.204
1952.0,-712.0,-836.0,1773949204.727
1952.0,-712.0,-836.0,1773949204.727
1872.0,-820.0,-1204.0,1773949205.242
1872.0,-820.0,-1204.0,1773949205.242
2008.0,-1047.0,-1675.0,1773949205.742
2008.0,-1047.0,-1675.0,1773949205.742
2212.0,-1025.0,-2355.0,1773949206.262
2212.0,-1025.0,-2355.0,1773949206.262
2286.0,-999.0,-2611.0,1773949206.762
2286.0,-999.0,-2611.0,1773949206.762
2238.0,-1031.0,-3029.0,1773949207.282
1982.0,-1019.0,-3310.0,1773949207.784
1982.0,-1019.0,-3310.0,1773949207.784
1593.0,-790.0,-3488.0,1773949208.302
1593.0,-790.0,-3488.0,1773949208.302
999.0,-460.0,-3065.0,1773949208.802
999.0,-460.0,-3065.0,1773949208.802
530.0,-538.0,-2444.0,1773949209.303
530.0,-538.0,-2444.0,1773949209.303
276.0,-664.0,-2468.0,1773949209.802
276.0,-664.0,-2468.0,1773949209.802
51.0,-602.0,-2743.0,1773949210.322
51.0,-602.0,-2743.0,1773949210.322
-157.0,-352.0,-2493.0,1773949210.823
-157.0,-352.0,-2493.0,1773949210.823
-361.0,-331.0,-2192.0,1773949211.322
-361.0,-331.0,-2192.0,1773949211.322
-476.0,-407.0,-2292.0,1773949211.842
-476.0,-407.0,-2292.0,1773949211.842
-616.0,-287.0,-2067.0,1773949212.342
-616.0,-287.0,-2067.0,1773949212.342
-700.0,-505.0,-2101.0,1773949212.862
-700.0,-505.0,-2101.0,1773949212.862
-687.0,-382.0,-2334.0,1773949213.362
-687.0,-382.0,-2334.0,1773949213.362
-618.0,-108.0,-2085.0,1773949213.882
-618.0,-108.0,-2085.0,1773949213.882
-513.0,-64.0,-1599.0,1773949214.382
-513.0,-64.0,-1599.0,1773949214.382
-418.0,-197.0,-1428.0,1773949214.902
-418.0,-197.0,-1428.0,1773949214.902
-341.0,-300.0,-1357.0,1773949215.403
-341.0,-300.0,-1357.0,1773949215.403
-273.0,-403.0,-1449.0,1773949215.923
-273.0,-403.0,-1449.0,1773949215.923
-176.0,-500.0,-1485.0,1773949216.422
-176.0,-500.0,-1485.0,1773949216.422
-37.0,-693.0,-1674.0,1773949216.945
-37.0,-693.0,-1674.0,1773949216.945
-1.0,-902.0,-2206.0,1773949217.442
-1.0,-902.0,-2206.0,1773949217.442
-67.0,-617.0,-2875.0,1773949217.962
-67.0,-617.0,-2875.0,1773949217.962
-57.0,-130.0,-2812.0,1773949218.463
-57.0,-130.0,-2812.0,1773949218.463
-81.0,201.0,-2568.0,1773949218.983
-81.0,201.0,-2568.0,1773949218.983
-88.0,444.0,-2333.0,1773949219.482
-88.0,444.0,-2333.0,1773949219.482
-83.0,738.0,-2001.0,1773949220.002
-83.0,738.0,-2001.0,1773949220.002
-108.0,945.0,-1381.0,1773949220.503
-108.0,945.0,-1381.0,1773949220.503
-157.0,810.0,-837.0,1773949221.023
-157.0,810.0,-837.0,1773949221.023
-123.0,615.0,-552.0,1773949221.523
-123.0,615.0,-552.0,1773949221.523
-91.0,176.0,-524.0,1773949222.043
-91.0,176.0,-524.0,1773949222.043
-64.0,-188.0,-763.0,1773949222.543
-64.0,-188.0,-763.0,1773949222.543
-105.0,-272.0,-1266.0,1773949223.062
-105.0,-272.0,-1266.0,1773949223.062
-148.0,-251.0,-1386.0,1773949223.563
-148.0,-251.0,-1386.0,1773949223.563
-212.0,-165.0,-1339.0,1773949224.083
-212.0,-165.0,-1339.0,1773949224.083
-278.0,-327.0,-1097.0,1773949224.583
-278.0,-327.0,-1097.0,1773949224.583
-445.0,-518.0,-1344.0,1773949225.103
-445.0,-518.0,-1344.0,1773949225.103
-387.0,-532.0,-1551.0,1773949225.603
-387.0,-532.0,-1551.0,1773949225.603
-393.0,-467.0,-1827.0,1773949226.123
-393.0,-467.0,-1827.0,1773949226.123
-393.0,-467.0,-1827.0,1773949226.123
-425.0,-63.0,-1904.0,1773949226.623
-425.0,-63.0,-1904.0,1773949226.623
-474.0,285.0,-1798.0,1773949227.143
-474.0,285.0,-1798.0,1773949227.143
-489.0,438.0,-1457.0,1773949227.643
-489.0,438.0,-1457.0,1773949227.643
-642.0,691.0,-1313.0,1773949228.163
-642.0,691.0,-1313.0,1773949228.163
-639.0,737.0,-1278.0,1773949228.663
-639.0,737.0,-1278.0,1773949228.663
-639.0,737.0,-1278.0,1773949228.663
-629.0,729.0,-1274.0,1773949229.184
-629.0,729.0,-1274.0,1773949229.184
-562.0,730.0,-1269.0,1773949229.704
-562.0,730.0,-1269.0,1773949229.704
-556.0,846.0,-870.0,1773949230.204
-556.0,846.0,-870.0,1773949230.204
-614.0,714.0,-286.0,1773949230.703
-614.0,714.0,-286.0,1773949230.703
-708.0,389.0,52.0,1773949231.227
-708.0,389.0,52.0,1773949231.227
-706.0,-1.0,175.0,1773949231.743
-706.0,-1.0,175.0,1773949231.743
-611.0,-428.0,-29.0,1773949232.243
-611.0,-428.0,-29.0,1773949232.243
-482.0,-790.0,-694.0,1773949232.763
-359.0,-759.0,-1264.0,1773949233.263
-359.0,-759.0,-1264.0,1773949233.263
-359.0,-759.0,-1264.0,1773949233.263
-324.0,-646.0,-1276.0,1773949233.784
-311.0,-824.0,-1314.0,1773949234.283
-311.0,-824.0,-1314.0,1773949234.283
-233.0,-971.0,-1698.0,1773949234.803
-233.0,-971.0,-1698.0,1773949234.803
-226.0,-1019.0,-2224.0,1773949235.303
-226.0,-1019.0,-2224.0,1773949235.303
-330.0,-512.0,-2526.0,1773949235.823
-330.0,-512.0,-2526.0,1773949235.823
-402.0,-267.0,-2392.0,1773949236.323
-402.0,-267.0,-2392.0,1773949236.323
-485.0,-127.0,-2378.0,1773949236.843
-485.0,-127.0,-2378.0,1773949236.843
-536.0,136.0,-2306.0,1773949237.343
-536.0,136.0,-2306.0,1773949237.343
-417.0,443.0,-1888.0,1773949237.863
-417.0,443.0,-1888.0,1773949237.863
-341.0,516.0,-1490.0,1773949238.363
-341.0,516.0,-1490.0,1773949238.363
-288.0,621.0,-1121.0,1773949238.871
-288.0,621.0,-1121.0,1773949238.871
-288.0,621.0,-1121.0,1773949238.871
-285.0,578.0,-737.0,1773949239.383
-285.0,578.0,-737.0,1773949239.383
-299.0,426.0,-524.0,1773949239.903
-299.0,426.0,-524.0,1773949239.903
-344.0,183.0,-488.0,1773949240.403
-344.0,183.0,-488.0,1773949240.403
-437.0,21.0,-642.0,1773949240.923
-437.0,21.0,-642.0,1773949240.923
-523.0,20.0,-696.0,1773949241.423
-523.0,20.0,-696.0,1773949241.423
-573.0,-1.0,-583.0,1773949241.943
-573.0,-1.0,-583.0,1773949241.943
-590.0,-276.0,-440.0,1773949242.443
-590.0,-276.0,-440.0,1773949242.443
-590.0,-276.0,-440.0,1773949242.443
-481.0,-742.0,-1218.0,1773949242.963
-481.0,-742.0,-1218.0,1773949242.963
-504.0,-529.0,-2209.0,1773949243.463
-504.0,-529.0,-2209.0,1773949243.463
-504.0,-529.0,-2209.0,1773949243.463
-744.0,155.0,-2149.0,1773949243.988
-744.0,155.0,-2149.0,1773949243.988
-826.0,356.0,-1609.0,1773949244.483
-826.0,356.0,-1609.0,1773949244.483
-814.0,251.0,-1487.0,1773949245.01
-814.0,251.0,-1487.0,1773949245.01
-814.0,251.0,-1487.0,1773949245.01
-815.0,199.0,-1490.0,1773949245.503
-815.0,199.0,-1490.0,1773949245.503
-806.0,115.0,-1590.0,1773949246.023
-806.0,115.0,-1590.0,1773949246.023
-808.0,244.0,-1460.0,1773949246.523
-808.0,244.0,-1460.0,1773949246.523
-726.0,155.0,-1133.0,1773949247.043
-726.0,155.0,-1133.0,1773949247.043
-679.0,131.0,-973.0,1773949247.543
-679.0,131.0,-973.0,1773949247.543
-679.0,131.0,-973.0,1773949247.543
-600.0,-110.0,-768.0,1773949248.063
-600.0,-110.0,-768.0,1773949248.063
-559.0,-283.0,-777.0,1773949248.563
-559.0,-283.0,-777.0,1773949248.563
-479.0,-413.0,-820.0,1773949249.084
-479.0,-413.0,-820.0,1773949249.084
-428.0,-546.0,-978.0,1773949249.584
-428.0,-546.0,-978.0,1773949249.584
-433.0,-597.0,-1131.0,1773949250.103
-433.0,-597.0,-1131.0,1773949250.103
-410.0,-623.0,-1310.0,1773949250.603
-410.0,-623.0,-1310.0,1773949250.603
-410.0,-623.0,-1310.0,1773949250.603
-476.0,-505.0,-1694.0,1773949251.123
-545.0,-3.0,-1543.0,1773949251.623
-545.0,-3.0,-1543.0,1773949251.623
-545.0,-3.0,-1543.0,1773949251.623
-486.0,175.0,-1129.0,1773949252.143
-545.0,176.0,-815.0,1773949252.643
-545.0,176.0,-815.0,1773949252.643
-552.0,-2.0,-621.0,1773949253.163
-552.0,-2.0,-621.0,1773949253.163
-568.0,-305.0,-592.0,1773949253.663
-568.0,-305.0,-592.0,1773949253.663
-568.0,-305.0,-592.0,1773949253.663
-519.0,-837.0,-999.0,1773949254.186
-384.0,-1175.0,-1737.0,1773949254.683
-384.0,-1175.0,-1737.0,1773949254.683
-384.0,-1175.0,-1737.0,1773949254.683
-333.0,-1138.0,-2520.0,1773949255.203
-527.0,-693.0,-3002.0,1773949255.703
-527.0,-693.0,-3002.0,1773949255.703
-792.0,-100.0,-2909.0,1773949256.224
-792.0,-100.0,-2909.0,1773949256.224
-773.0,-73.0,-2900.0,1773949256.724
-773.0,-73.0,-2900.0,1773949256.724
-773.0,-73.0,-2900.0,1773949256.724
-777.0,-72.0,-2892.0,1773949257.244
-777.0,-72.0,-2892.0,1773949257.244
-773.0,-79.0,-2882.0,1773949257.748
-773.0,-79.0,-2882.0,1773949257.748
-784.0,-73.0,-2878.0,1773949258.264
-784.0,-73.0,-2878.0,1773949258.264
-783.0,-78.0,-2851.0,1773949258.764
