front_left,front_right,rear_left,rear_right,t
0.0,0.0,0.0,0.0,1776887483.99
0.0,0.0,0.0,0.0,1776887484.01
0.0,0.0,0.0,0.0,1776887484.036
0.0,0.0,0.0,0.0,1776887484.05
0.0,0.0,0.0,0.0,1776887484.076
0.0,0.0,0.0,0.0,1776887484.496
0.0,0.0,0.0,0.0,1776887484.51
0.0,0.0,0.0,0.0,1776887484.531
0.0,0.0,0.0,0.0,1776887484.559
0.0,0.0,0.0,0.0,1776887484.57
0.0,0.0,0.0,0.0,1776887484.989
0.0,0.0,0.0,0.0,1776887485.016
0.0,0.0,0.0,0.0,1776887485.03
0.0,0.0,0.0,0.0,1776887485.057
0.0,0.0,0.0,0.0,1776887485.07
0.0,0.0,0.0,0.0,1776887485.49
0.0,0.0,0.0,0.0,1776887485.515
0.0,0.0,0.0,0.0,1776887485.53
0.0,0.0,0.0,0.0,1776887485.556
0.0,0.0,0.0,0.0,1776887485.57
1.0,26.0,1.0,26.0,1776887485.99
1.0,26.0,1.0,26.0,1776887486.017
1.0,26.0,1.0,26.0,1776887486.029
1.0,26.0,1.0,26.0,1776887486.056
1.0,26.0,1.0,26.0,1776887486.069
1.0,26.0,1.0,26.0,1776887486.51
1.0,26.0,1.0,26.0,1776887486.536
1.0,26.0,1.0,26.0,1776887486.549
1.0,26.0,1.0,26.0,1776887486.575
1.0,26.0,1.0,26.0,1776887486.59
1.0,26.0,1.0,26.0,1776887487.01
1.0,26.0,1.0,26.0,1776887487.03
1.0,26.0,1.0,26.0,1776887487.06
1.0,26.0,1.0,26.0,1776887487.07
1.0,26.0,1.0,26.0,1776887487.096
2.0,1.0,2.0,1.0,1776887487.51
2.0,1.0,2.0,1.0,1776887487.535
2.0,1.0,2.0,1.0,1776887487.55
2.0,1.0,2.0,1.0,1776887487.576
2.0,1.0,2.0,1.0,1776887487.59
28.0,28.0,28.0,28.0,1776887488.016
36.0,38.0,36.0,38.0,1776887488.03
36.0,38.0,36.0,38.0,1776887488.055
36.0,38.0,36.0,38.0,1776887488.07
36.0,38.0,36.0,38.0,1776887488.096
36.0,38.0,36.0,38.0,1776887488.51
36.0,38.0,36.0,38.0,1776887488.536
36.0,38.0,36.0,38.0,1776887488.55
36.0,38.0,36.0,38.0,1776887488.575
36.0,38.0,36.0,38.0,1776887488.59
28.0,30.0,28.0,30.0,1776887489.018
28.0,30.0,28.0,30.0,1776887489.03
28.0,30.0,28.0,30.0,1776887489.056
28.0,30.0,28.0,30.0,1776887489.072
18.0,21.0,18.0,21.0,1776887489.098
0.0,0.0,0.0,0.0,1776887489.521
0.0,0.0,0.0,0.0,1776887489.532
0.0,0.0,0.0,0.0,1776887489.558
0.0,0.0,0.0,0.0,1776887489.57
0.0,0.0,0.0,0.0,1776887489.596
24.0,23.0,24.0,23.0,1776887490.01
24.0,23.0,24.0,23.0,1776887490.035
24.0,23.0,24.0,23.0,1776887490.05
24.0,23.0,24.0,23.0,1776887490.079
34.0,34.0,34.0,34.0,1776887490.09
62.0,60.0,62.0,60.0,1776887490.53
62.0,60.0,62.0,60.0,1776887490.559
62.0,60.0,62.0,60.0,1776887490.57
62.0,60.0,62.0,60.0,1776887490.596
62.0,60.0,62.0,60.0,1776887490.61
90.0,87.0,90.0,87.0,1776887491.03
90.0,87.0,90.0,87.0,1776887491.056
88.0,84.0,88.0,84.0,1776887491.07
88.0,84.0,88.0,84.0,1776887491.096
88.0,84.0,88.0,84.0,1776887491.11
58.0,53.0,58.0,53.0,1776887491.53
58.0,53.0,58.0,53.0,1776887491.558
58.0,53.0,58.0,53.0,1776887491.57
50.0,44.0,50.0,44.0,1776887491.596
50.0,44.0,50.0,44.0,1776887491.61
16.0,12.0,16.0,12.0,1776887492.03
16.0,12.0,16.0,12.0,1776887492.056
16.0,12.0,16.0,12.0,1776887492.07
6.0,7.0,6.0,7.0,1776887492.097
6.0,7.0,6.0,7.0,1776887492.11
30.0,28.0,30.0,28.0,1776887492.538
30.0,28.0,30.0,28.0,1776887492.55
30.0,28.0,30.0,28.0,1776887492.579
30.0,28.0,30.0,28.0,1776887492.59
30.0,28.0,30.0,28.0,1776887492.617
73.0,63.0,73.0,63.0,1776887493.03
73.0,63.0,73.0,63.0,1776887493.056
85.0,75.0,85.0,75.0,1776887493.07
85.0,75.0,85.0,75.0,1776887493.097
85.0,75.0,85.0,75.0,1776887493.11
81.0,70.0,81.0,70.0,1776887493.538
81.0,70.0,81.0,70.0,1776887493.553
75.0,63.0,75.0,63.0,1776887493.57
75.0,63.0,75.0,63.0,1776887493.597
75.0,63.0,75.0,63.0,1776887493.61
43.0,35.0,43.0,35.0,1776887494.03
43.0,35.0,43.0,35.0,1776887494.056
43.0,35.0,43.0,35.0,1776887494.07
43.0,35.0,43.0,35.0,1776887494.096
30.0,25.0,30.0,25.0,1776887494.11
0.0,0.0,0.0,0.0,1776887494.53
0.0,0.0,0.0,0.0,1776887494.556
0.0,0.0,0.0,0.0,1776887494.58
0.0,0.0,0.0,0.0,1776887494.592
0.0,0.0,0.0,0.0,1776887494.61
9.0,10.0,9.0,10.0,1776887495.032
9.0,10.0,9.0,10.0,1776887495.057
9.0,10.0,9.0,10.0,1776887495.07
9.0,10.0,9.0,10.0,1776887495.096
9.0,10.0,9.0,10.0,1776887495.11
28.0,31.0,28.0,31.0,1776887495.55
28.0,31.0,28.0,31.0,1776887495.576
28.0,31.0,28.0,31.0,1776887495.59
28.0,31.0,28.0,31.0,1776887495.61
28.0,31.0,28.0,31.0,1776887495.637
28.0,31.0,28.0,31.0,1776887496.055
28.0,31.0,28.0,31.0,1776887496.07
28.0,31.0,28.0,31.0,1776887496.096
28.0,31.0,28.0,31.0,1776887496.11
28.0,31.0,28.0,31.0,1776887496.136
12.0,13.0,12.0,13.0,1776887496.55
12.0,13.0,12.0,13.0,1776887496.578
0.0,0.0,0.0,0.0,1776887496.59
0.0,0.0,0.0,0.0,1776887496.616
0.0,0.0,0.0,0.0,1776887496.63
0.0,2.0,0.0,2.0,1776887497.058
0.0,2.0,0.0,2.0,1776887497.07
0.0,2.0,0.0,2.0,1776887497.096
0.0,2.0,0.0,2.0,1776887497.11
0.0,2.0,0.0,2.0,1776887497.136
-3.0,16.0,-3.0,16.0,1776887498.05
-3.0,16.0,-3.0,16.0,1776887498.086
-3.0,16.0,-3.0,16.0,1776887498.096
-3.0,16.0,-3.0,16.0,1776887498.11
-3.0,16.0,-3.0,16.0,1776887498.136
-3.0,14.0,-3.0,14.0,1776887498.576
-3.0,14.0,-3.0,14.0,1776887498.59
-3.0,14.0,-3.0,14.0,1776887498.611
-3.0,14.0,-3.0,14.0,1776887498.638
-3.0,14.0,-3.0,14.0,1776887498.65
2.0,0.0,2.0,0.0,1776887499.07
2.0,0.0,2.0,0.0,1776887499.096
2.0,0.0,2.0,0.0,1776887499.11
2.0,0.0,2.0,0.0,1776887499.136
2.0,0.0,2.0,0.0,1776887499.15
25.0,21.0,25.0,21.0,1776887499.57
25.0,21.0,25.0,21.0,1776887499.596
25.0,21.0,25.0,21.0,1776887499.61
25.0,21.0,25.0,21.0,1776887499.631
25.0,21.0,25.0,21.0,1776887499.657
67.0,61.0,67.0,61.0,1776887500.083
67.0,61.0,67.0,61.0,1776887500.093
81.0,76.0,81.0,76.0,1776887500.11
81.0,76.0,81.0,76.0,1776887500.137
81.0,76.0,81.0,76.0,1776887500.15
-76.0,75.0,-76.0,75.0,1776887500.558
-76.0,75.0,-76.0,75.0,1776887500.57
-76.0,75.0,-76.0,75.0,1776887500.596
-76.0,75.0,-76.0,75.0,1776887500.61
-76.0,75.0,-76.0,75.0,1776887500.639
-43.0,43.0,-43.0,43.0,1776887501.076
-43.0,43.0,-43.0,43.0,1776887501.09
-43.0,43.0,-43.0,43.0,1776887501.11
-43.0,43.0,-43.0,43.0,1776887501.137
-31.0,32.0,-31.0,32.0,1776887501.15
0.0,0.0,0.0,0.0,1776887501.57
0.0,0.0,0.0,0.0,1776887501.596
0.0,0.0,0.0,0.0,1776887501.61
0.0,0.0,0.0,0.0,1776887501.636
0.0,0.0,0.0,0.0,1776887501.65
0.0,0.0,0.0,0.0,1776887502.07
0.0,0.0,0.0,0.0,1776887502.096
0.0,0.0,0.0,0.0,1776887502.11
0.0,0.0,0.0,0.0,1776887502.131
0.0,0.0,0.0,0.0,1776887502.157
0.0,0.0,0.0,0.0,1776887502.578
0.0,0.0,0.0,0.0,1776887502.59
0.0,0.0,0.0,0.0,1776887502.616
0.0,0.0,0.0,0.0,1776887502.63
0.0,0.0,0.0,0.0,1776887502.656
62.0,57.0,62.0,57.0,1776887503.576
72.0,70.0,72.0,70.0,1776887503.592
72.0,70.0,72.0,70.0,1776887503.618
72.0,70.0,72.0,70.0,1776887503.63
72.0,70.0,72.0,70.0,1776887503.656
62.0,78.0,62.0,78.0,1776887504.079
58.0,74.0,58.0,74.0,1776887504.09
58.0,74.0,58.0,74.0,1776887504.116
58.0,74.0,58.0,74.0,1776887504.131
58.0,74.0,58.0,74.0,1776887504.161
34.0,45.0,34.0,45.0,1776887504.57
34.0,45.0,34.0,45.0,1776887504.597
34.0,45.0,34.0,45.0,1776887504.61
26.0,33.0,26.0,33.0,1776887504.636
26.0,33.0,26.0,33.0,1776887504.65
0.0,0.0,0.0,0.0,1776887505.09
0.0,0.0,0.0,0.0,1776887505.116
0.0,0.0,0.0,0.0,1776887505.13
0.0,0.0,0.0,0.0,1776887505.159
0.0,0.0,0.0,0.0,1776887505.17
0.0,1.0,0.0,1.0,1776887505.57
0.0,1.0,0.0,1.0,1776887505.599
0.0,1.0,0.0,1.0,1776887505.61
0.0,1.0,0.0,1.0,1776887505.636
0.0,1.0,0.0,1.0,1776887505.65
-3.0,1.0,-3.0,1.0,1776887506.07
-3.0,1.0,-3.0,1.0,1776887506.097
-3.0,1.0,-3.0,1.0,1776887506.11
-3.0,1.0,-3.0,1.0,1776887506.136
-3.0,1.0,-3.0,1.0,1776887506.15
-8.0,7.0,-8.0,7.0,1776887506.59
-8.0,7.0,-8.0,7.0,1776887506.61
-8.0,7.0,-8.0,7.0,1776887506.636
-8.0,7.0,-8.0,7.0,1776887506.65
-8.0,7.0,-8.0,7.0,1776887506.676
-4.0,7.0,-4.0,7.0,1776887507.096
-4.0,7.0,-4.0,7.0,1776887507.11
-4.0,7.0,-4.0,7.0,1776887507.136
-4.0,7.0,-4.0,7.0,1776887507.15
-4.0,7.0,-4.0,7.0,1776887507.176
4.0,9.0,4.0,9.0,1776887507.59
4.0,9.0,4.0,9.0,1776887507.617
4.0,9.0,4.0,9.0,1776887507.63
6.0,10.0,6.0,10.0,1776887507.656
6.0,10.0,6.0,10.0,1776887507.67
33.0,30.0,33.0,30.0,1776887508.09
33.0,30.0,33.0,30.0,1776887508.116
33.0,30.0,33.0,30.0,1776887508.13
33.0,30.0,33.0,30.0,1776887508.156
46.0,40.0,46.0,40.0,1776887508.17
79.0,74.0,79.0,74.0,1776887508.596
79.0,74.0,79.0,74.0,1776887508.61
79.0,74.0,79.0,74.0,1776887508.64
79.0,74.0,79.0,74.0,1776887508.654
79.0,74.0,79.0,74.0,1776887508.67
66.0,63.0,66.0,63.0,1776887509.09
66.0,63.0,66.0,63.0,1776887509.116
66.0,63.0,66.0,63.0,1776887509.13
66.0,63.0,66.0,63.0,1776887509.157
66.0,63.0,66.0,63.0,1776887509.172
23.0,27.0,23.0,27.0,1776887509.596
23.0,27.0,23.0,27.0,1776887509.619
23.0,27.0,23.0,27.0,1776887509.63
23.0,27.0,23.0,27.0,1776887509.656
23.0,27.0,23.0,27.0,1776887509.67
0.0,0.0,0.0,0.0,1776887510.096
0.0,0.0,0.0,0.0,1776887510.11
0.0,0.0,0.0,0.0,1776887510.138
0.0,0.0,0.0,0.0,1776887510.15
0.0,0.0,0.0,0.0,1776887510.177
0.0,-4.0,0.0,-4.0,1776887510.617
0.0,-4.0,0.0,-4.0,1776887510.63
0.0,-4.0,0.0,-4.0,1776887510.65
0.0,-4.0,0.0,-4.0,1776887510.677
0.0,-4.0,0.0,-4.0,1776887510.69
1.0,-23.0,1.0,-23.0,1776887511.112
1.0,-23.0,1.0,-23.0,1776887511.138
1.0,-23.0,1.0,-23.0,1776887511.15
1.0,-23.0,1.0,-23.0,1776887511.176
1.0,-23.0,1.0,-23.0,1776887511.19
6.0,-31.0,6.0,-31.0,1776887511.61
6.0,-31.0,6.0,-31.0,1776887511.636
6.0,-31.0,6.0,-31.0,1776887511.65
6.0,-31.0,6.0,-31.0,1776887511.679
6.0,-31.0,6.0,-31.0,1776887511.691
5.0,-23.0,5.0,-23.0,1776887512.11
5.0,-23.0,5.0,-23.0,1776887512.137
5.0,-23.0,5.0,-23.0,1776887512.15
5.0,-23.0,5.0,-23.0,1776887512.177
5.0,-23.0,5.0,-23.0,1776887512.191
5.0,7.0,5.0,7.0,1776887512.617
5.0,7.0,5.0,7.0,1776887512.63
5.0,7.0,5.0,7.0,1776887512.659
5.0,7.0,5.0,7.0,1776887512.67
5.0,7.0,5.0,7.0,1776887512.697
18.0,18.0,18.0,18.0,1776887513.11
18.0,18.0,18.0,18.0,1776887513.137
18.0,18.0,18.0,18.0,1776887513.15
18.0,18.0,18.0,18.0,1776887513.176
18.0,18.0,18.0,18.0,1776887513.19
-19.0,19.0,-19.0,19.0,1776887513.617
-19.0,19.0,-19.0,19.0,1776887513.63
-19.0,19.0,-19.0,19.0,1776887513.651
-19.0,19.0,-19.0,19.0,1776887513.677
-19.0,19.0,-19.0,19.0,1776887513.69
-16.0,16.0,-16.0,16.0,1776887514.11
-16.0,16.0,-16.0,16.0,1776887514.137
-16.0,16.0,-16.0,16.0,1776887514.15
-16.0,16.0,-16.0,16.0,1776887514.176
-16.0,16.0,-16.0,16.0,1776887514.191
-9.0,7.0,-9.0,7.0,1776887514.61
-9.0,7.0,-9.0,7.0,1776887514.642
-9.0,7.0,-9.0,7.0,1776887514.653
-9.0,7.0,-9.0,7.0,1776887514.675
-9.0,7.0,-9.0,7.0,1776887514.69
-11.0,15.0,-11.0,15.0,1776887515.11
-11.0,18.0,-11.0,18.0,1776887515.137
-11.0,18.0,-11.0,18.0,1776887515.15
-11.0,18.0,-11.0,18.0,1776887515.177
-11.0,18.0,-11.0,18.0,1776887515.191
-11.0,24.0,-11.0,24.0,1776887515.61
-11.0,24.0,-11.0,24.0,1776887515.637
-10.0,21.0,-10.0,21.0,1776887515.65
-10.0,21.0,-10.0,21.0,1776887515.676
-10.0,21.0,-10.0,21.0,1776887515.697
1.0,16.0,1.0,16.0,1776887516.11
1.0,16.0,1.0,16.0,1776887516.137
1.0,16.0,1.0,16.0,1776887516.15
1.0,16.0,1.0,16.0,1776887516.176
1.0,16.0,1.0,16.0,1776887516.19
9.0,6.0,9.0,6.0,1776887516.616
9.0,6.0,9.0,6.0,1776887516.63
9.0,6.0,9.0,6.0,1776887516.659
9.0,6.0,9.0,6.0,1776887516.67
9.0,6.0,9.0,6.0,1776887516.696
47.0,43.0,47.0,43.0,1776887517.11
47.0,43.0,47.0,43.0,1776887517.138
47.0,43.0,47.0,43.0,1776887517.15
47.0,43.0,47.0,43.0,1776887517.176
47.0,43.0,47.0,43.0,1776887517.19
72.0,62.0,72.0,62.0,1776887517.63
72.0,62.0,72.0,62.0,1776887517.657
70.0,62.0,70.0,62.0,1776887517.67
70.0,62.0,70.0,62.0,1776887517.697
70.0,62.0,70.0,62.0,1776887517.71
55.0,49.0,55.0,49.0,1776887518.11
55.0,49.0,55.0,49.0,1776887518.136
55.0,49.0,55.0,49.0,1776887518.15
55.0,49.0,55.0,49.0,1776887518.181
45.0,39.0,45.0,39.0,1776887518.192
14.0,9.0,14.0,9.0,1776887518.63
14.0,9.0,14.0,9.0,1776887518.656
14.0,9.0,14.0,9.0,1776887518.67
14.0,9.0,14.0,9.0,1776887518.696
5.0,7.0,5.0,7.0,1776887518.71
25.0,20.0,25.0,20.0,1776887519.13
25.0,20.0,25.0,20.0,1776887519.156
25.0,20.0,25.0,20.0,1776887519.17
25.0,20.0,25.0,20.0,1776887519.199
35.0,30.0,35.0,30.0,1776887519.211
73.0,67.0,73.0,67.0,1776887519.63
73.0,67.0,73.0,67.0,1776887519.656
73.0,67.0,73.0,67.0,1776887519.67
73.0,67.0,73.0,67.0,1776887519.696
73.0,67.0,73.0,67.0,1776887519.71
89.0,83.0,89.0,83.0,1776887520.136
89.0,83.0,89.0,83.0,1776887520.15
89.0,83.0,89.0,83.0,1776887520.177
89.0,83.0,89.0,83.0,1776887520.19
89.0,83.0,89.0,83.0,1776887520.217
12.0,-11.0,12.0,-11.0,1776887521.137
12.0,-11.0,12.0,-11.0,1776887521.15
0.0,-1.0,0.0,-1.0,1776887521.176
0.0,-1.0,0.0,-1.0,1776887521.19
0.0,-1.0,0.0,-1.0,1776887521.217
1.0,-1.0,1.0,-1.0,1776887521.63
1.0,-1.0,1.0,-1.0,1776887521.659
1.0,-1.0,1.0,-1.0,1776887521.67
1.0,-1.0,1.0,-1.0,1776887521.698
1.0,-1.0,1.0,-1.0,1776887521.711
3.0,-10.0,3.0,-10.0,1776887522.137
3.0,-10.0,3.0,-10.0,1776887522.152
3.0,-10.0,3.0,-10.0,1776887522.17
3.0,-10.0,3.0,-10.0,1776887522.196
3.0,-10.0,3.0,-10.0,1776887522.21
7.0,-13.0,7.0,-13.0,1776887522.63
7.0,-13.0,7.0,-13.0,1776887522.656
7.0,-13.0,7.0,-13.0,1776887522.671
7.0,-13.0,7.0,-13.0,1776887522.697
7.0,-13.0,7.0,-13.0,1776887522.71
13.0,-23.0,13.0,-23.0,1776887523.136
13.0,-23.0,13.0,-23.0,1776887523.15
13.0,-23.0,13.0,-23.0,1776887523.177
13.0,-23.0,13.0,-23.0,1776887523.191
13.0,-23.0,13.0,-23.0,1776887523.216
10.0,-17.0,10.0,-17.0,1776887523.63
9.0,-16.0,9.0,-16.0,1776887523.657
9.0,-16.0,9.0,-16.0,1776887523.67
9.0,-16.0,9.0,-16.0,1776887523.7
9.0,-16.0,9.0,-16.0,1776887523.711
5.0,-9.0,5.0,-9.0,1776887524.151
5.0,-9.0,5.0,-9.0,1776887524.177
5.0,-9.0,5.0,-9.0,1776887524.19
1.0,-9.0,1.0,-9.0,1776887524.217
1.0,-9.0,1.0,-9.0,1776887524.23
0.0,0.0,0.0,0.0,1776887524.653
0.0,0.0,0.0,0.0,1776887524.679
0.0,0.0,0.0,0.0,1776887524.69
0.0,3.0,0.0,3.0,1776887524.72
0.0,3.0,0.0,3.0,1776887524.73
24.0,27.0,24.0,27.0,1776887525.131
24.0,27.0,24.0,27.0,1776887525.156
24.0,27.0,24.0,27.0,1776887525.173
24.0,27.0,24.0,27.0,1776887525.199
24.0,27.0,24.0,27.0,1776887525.21
30.0,34.0,30.0,34.0,1776887525.63
30.0,34.0,30.0,34.0,1776887525.656
30.0,34.0,30.0,34.0,1776887525.67
30.0,34.0,30.0,34.0,1776887525.697
30.0,34.0,30.0,34.0,1776887525.711
33.0,-31.0,33.0,-31.0,1776887526.163
33.0,-31.0,33.0,-31.0,1776887526.178
33.0,-31.0,33.0,-31.0,1776887526.19
28.0,-28.0,28.0,-28.0,1776887526.217
28.0,-28.0,28.0,-28.0,1776887526.231
4.0,0.0,4.0,0.0,1776887526.659
4.0,0.0,4.0,0.0,1776887526.67
4.0,0.0,4.0,0.0,1776887526.697
7.0,-4.0,7.0,-4.0,1776887526.71
7.0,-4.0,7.0,-4.0,1776887526.736
12.0,-6.0,12.0,-6.0,1776887527.156
12.0,-6.0,12.0,-6.0,1776887527.171
12.0,-6.0,12.0,-6.0,1776887527.199
12.0,-6.0,12.0,-6.0,1776887527.216
12.0,-6.0,12.0,-6.0,1776887527.231
12.0,-9.0,12.0,-9.0,1776887527.659
12.0,-9.0,12.0,-9.0,1776887527.671
12.0,-9.0,12.0,-9.0,1776887527.696
12.0,-9.0,12.0,-9.0,1776887527.71
12.0,-9.0,12.0,-9.0,1776887527.736
7.0,-5.0,7.0,-5.0,1776887528.151
7.0,-5.0,7.0,-5.0,1776887528.176
7.0,-5.0,7.0,-5.0,1776887528.19
4.0,-3.0,4.0,-3.0,1776887528.219
4.0,-3.0,4.0,-3.0,1776887528.231
-1.0,1.0,-1.0,1.0,1776887528.657
-1.0,1.0,-1.0,1.0,1776887528.671
-1.0,1.0,-1.0,1.0,1776887528.697
-1.0,1.0,-1.0,1.0,1776887528.711
-1.0,1.0,-1.0,1.0,1776887528.738
-1.0,0.0,-1.0,0.0,1776887529.151
-1.0,0.0,-1.0,0.0,1776887529.177
-1.0,0.0,-1.0,0.0,1776887529.191
-1.0,0.0,-1.0,0.0,1776887529.216
-1.0,0.0,-1.0,0.0,1776887529.231
-1.0,0.0,-1.0,0.0,1776887529.659
-1.0,0.0,-1.0,0.0,1776887529.671
-1.0,0.0,-1.0,0.0,1776887529.697
-1.0,0.0,-1.0,0.0,1776887529.711
-1.0,0.0,-1.0,0.0,1776887529.737
0.0,12.0,0.0,12.0,1776887530.151
0.0,12.0,0.0,12.0,1776887530.176
0.0,12.0,0.0,12.0,1776887530.191
0.0,12.0,0.0,12.0,1776887530.218
0.0,12.0,0.0,12.0,1776887530.231
-6.0,18.0,-6.0,18.0,1776887530.651
-6.0,18.0,-6.0,18.0,1776887530.677
-7.0,21.0,-7.0,21.0,1776887530.691
-7.0,21.0,-7.0,21.0,1776887530.719
-7.0,21.0,-7.0,21.0,1776887530.733
-21.0,28.0,-21.0,28.0,1776887531.151
-21.0,28.0,-21.0,28.0,1776887531.176
-21.0,28.0,-21.0,28.0,1776887531.191
-21.0,28.0,-21.0,28.0,1776887531.216
-21.0,28.0,-21.0,28.0,1776887531.231
-27.0,20.0,-27.0,20.0,1776887531.683
-27.0,20.0,-27.0,20.0,1776887531.695
-27.0,20.0,-27.0,20.0,1776887531.712
-27.0,20.0,-27.0,20.0,1776887531.739
-27.0,20.0,-27.0,20.0,1776887531.751
-32.0,22.0,-32.0,22.0,1776887532.178
-28.0,20.0,-28.0,20.0,1776887532.191
-28.0,20.0,-28.0,20.0,1776887532.217
-28.0,20.0,-28.0,20.0,1776887532.231
-28.0,20.0,-28.0,20.0,1776887532.256
-31.0,28.0,-31.0,28.0,1776887532.671
-31.0,28.0,-31.0,28.0,1776887532.691
-31.0,28.0,-31.0,28.0,1776887532.719
-36.0,33.0,-36.0,33.0,1776887532.731
-36.0,33.0,-36.0,33.0,1776887532.757
-52.0,52.0,-52.0,52.0,1776887533.171
-52.0,52.0,-52.0,52.0,1776887533.199
-52.0,52.0,-52.0,52.0,1776887533.211
-52.0,52.0,-52.0,52.0,1776887533.237
-52.0,52.0,-52.0,52.0,1776887533.251
-40.0,39.0,-40.0,39.0,1776887533.677
-40.0,39.0,-40.0,39.0,1776887533.691
-40.0,39.0,-40.0,39.0,1776887533.717
-40.0,39.0,-40.0,39.0,1776887533.731
-40.0,39.0,-40.0,39.0,1776887533.758
24.0,24.0,24.0,24.0,1776887534.171
24.0,24.0,24.0,24.0,1776887534.191
24.0,24.0,24.0,24.0,1776887534.217
24.0,24.0,24.0,24.0,1776887534.231
24.0,24.0,24.0,24.0,1776887534.259
55.0,57.0,55.0,57.0,1776887534.671
55.0,57.0,55.0,57.0,1776887534.696
55.0,57.0,55.0,57.0,1776887534.711
72.0,74.0,72.0,74.0,1776887534.737
72.0,74.0,72.0,74.0,1776887534.751
121.0,126.0,121.0,126.0,1776887535.177
121.0,126.0,121.0,126.0,1776887535.191
121.0,126.0,121.0,126.0,1776887535.217
121.0,126.0,121.0,126.0,1776887535.231
138.0,142.0,138.0,142.0,1776887535.256
144.0,149.0,144.0,149.0,1776887535.691
144.0,149.0,144.0,149.0,1776887535.718
144.0,149.0,144.0,149.0,1776887535.733
144.0,149.0,144.0,149.0,1776887535.759
126.0,133.0,126.0,133.0,1776887535.771
-100.0,-104.0,-100.0,-104.0,1776887536.191
-100.0,-104.0,-100.0,-104.0,1776887536.216
-100.0,-104.0,-100.0,-104.0,1776887536.231
-100.0,-104.0,-100.0,-104.0,1776887536.257
-102.0,-105.0,-102.0,-105.0,1776887536.271
-144.0,-145.0,-144.0,-145.0,1776887537.171
-144.0,-145.0,-144.0,-145.0,1776887537.2
-144.0,-145.0,-144.0,-145.0,1776887537.211
-160.0,-162.0,-160.0,-162.0,1776887537.237
-160.0,-162.0,-160.0,-162.0,1776887537.251
-174.0,-175.0,-174.0,-175.0,1776887537.691
-174.0,-175.0,-174.0,-175.0,1776887537.711
-174.0,-175.0,-174.0,-175.0,1776887537.737
-174.0,-175.0,-174.0,-175.0,1776887537.753
-174.0,-175.0,-174.0,-175.0,1776887537.779
-131.0,130.0,-131.0,130.0,1776887538.197
-131.0,130.0,-131.0,130.0,1776887538.211
-131.0,130.0,-131.0,130.0,1776887538.232
-131.0,130.0,-131.0,130.0,1776887538.258
-131.0,130.0,-131.0,130.0,1776887538.271
-92.0,93.0,-92.0,93.0,1776887538.711
-92.0,93.0,-92.0,93.0,1776887538.738
-92.0,93.0,-92.0,93.0,1776887538.751
-92.0,93.0,-92.0,93.0,1776887538.777
-92.0,93.0,-92.0,93.0,1776887538.791
-76.0,79.0,-76.0,79.0,1776887539.193
-78.0,82.0,-78.0,82.0,1776887539.219
-78.0,82.0,-78.0,82.0,1776887539.232
-78.0,82.0,-78.0,82.0,1776887539.257
-78.0,82.0,-78.0,82.0,1776887539.271
-63.0,67.0,-63.0,67.0,1776887539.718
-63.0,67.0,-63.0,67.0,1776887539.731
-63.0,67.0,-63.0,67.0,1776887539.763
-63.0,67.0,-63.0,67.0,1776887539.773
-55.0,58.0,-55.0,58.0,1776887539.8
-33.0,33.0,-33.0,33.0,1776887540.218
-33.0,33.0,-33.0,33.0,1776887540.241
-33.0,33.0,-33.0,33.0,1776887540.252
-33.0,33.0,-33.0,33.0,1776887540.271
-25.0,25.0,-25.0,25.0,1776887540.298
-1.0,0.0,-1.0,0.0,1776887540.711
-1.0,0.0,-1.0,0.0,1776887540.737
-1.0,0.0,-1.0,0.0,1776887540.751
-1.0,0.0,-1.0,0.0,1776887540.779
-1.0,0.0,-1.0,0.0,1776887540.791
0.0,0.0,0.0,0.0,1776887541.217
0.0,0.0,0.0,0.0,1776887541.232
0.0,0.0,0.0,0.0,1776887541.257
0.0,0.0,0.0,0.0,1776887541.271
0.0,0.0,0.0,0.0,1776887541.301
0.0,0.0,0.0,0.0,1776887541.731
0.0,0.0,0.0,0.0,1776887541.759
0.0,0.0,0.0,0.0,1776887541.771
0.0,0.0,0.0,0.0,1776887541.797
0.0,0.0,0.0,0.0,1776887541.811
0.0,0.0,0.0,0.0,1776887542.231
0.0,0.0,0.0,0.0,1776887542.259
0.0,0.0,0.0,0.0,1776887542.271
0.0,0.0,0.0,0.0,1776887542.298
0.0,0.0,0.0,0.0,1776887542.311
0.0,0.0,0.0,0.0,1776887542.738
0.0,0.0,0.0,0.0,1776887542.751
0.0,0.0,0.0,0.0,1776887542.777
0.0,0.0,0.0,0.0,1776887542.791
0.0,0.0,0.0,0.0,1776887542.819
19.0,19.0,19.0,19.0,1776887543.231
19.0,19.0,19.0,19.0,1776887543.257
19.0,19.0,19.0,19.0,1776887543.271
19.0,19.0,19.0,19.0,1776887543.297
19.0,19.0,19.0,19.0,1776887543.311
16.0,17.0,16.0,17.0,1776887544.231
16.0,17.0,16.0,17.0,1776887544.257
9.0,10.0,9.0,10.0,1776887544.271
9.0,10.0,9.0,10.0,1776887544.297
9.0,10.0,9.0,10.0,1776887544.311
24.0,19.0,24.0,19.0,1776887545.231
24.0,19.0,24.0,19.0,1776887545.257
24.0,19.0,24.0,19.0,1776887545.271
31.0,31.0,31.0,31.0,1776887545.298
31.0,31.0,31.0,31.0,1776887545.311
31.0,31.0,31.0,31.0,1776887545.731
31.0,31.0,31.0,31.0,1776887545.76
31.0,31.0,31.0,31.0,1776887545.772
31.0,31.0,31.0,31.0,1776887545.798
31.0,31.0,31.0,31.0,1776887545.811
28.0,-30.0,28.0,-30.0,1776887546.231
28.0,-30.0,28.0,-30.0,1776887546.257
28.0,-30.0,28.0,-30.0,1776887546.271
28.0,-30.0,28.0,-30.0,1776887546.297
28.0,-30.0,28.0,-30.0,1776887546.311
0.0,-1.0,0.0,-1.0,1776887546.739
0.0,-1.0,0.0,-1.0,1776887546.751
0.0,-1.0,0.0,-1.0,1776887546.777
0.0,-1.0,0.0,-1.0,1776887546.792
0.0,-1.0,0.0,-1.0,1776887546.818
0.0,-1.0,0.0,-1.0,1776887547.232
0.0,-1.0,0.0,-1.0,1776887547.251
0.0,-1.0,0.0,-1.0,1776887547.279
0.0,-1.0,0.0,-1.0,1776887547.291
0.0,-1.0,0.0,-1.0,1776887547.312
0.0,0.0,0.0,0.0,1776887547.751
0.0,0.0,0.0,0.0,1776887547.779
0.0,0.0,0.0,0.0,1776887547.791
0.0,0.0,0.0,0.0,1776887547.817
0.0,0.0,0.0,0.0,1776887547.832
0.0,0.0,0.0,0.0,1776887548.231
0.0,0.0,0.0,0.0,1776887548.259
0.0,0.0,0.0,0.0,1776887548.272
0.0,0.0,0.0,0.0,1776887548.297
0.0,0.0,0.0,0.0,1776887548.311
0.0,0.0,0.0,0.0,1776887548.731
0.0,0.0,0.0,0.0,1776887548.757
0.0,0.0,0.0,0.0,1776887548.771
0.0,0.0,0.0,0.0,1776887548.799
0.0,0.0,0.0,0.0,1776887548.811
0.0,0.0,0.0,0.0,1776887549.231
0.0,0.0,0.0,0.0,1776887549.257
0.0,0.0,0.0,0.0,1776887549.271
0.0,0.0,0.0,0.0,1776887549.297
0.0,0.0,0.0,0.0,1776887549.311
1.0,-9.0,1.0,-9.0,1776887549.731
1.0,-9.0,1.0,-9.0,1776887549.759
7.0,-10.0,7.0,-10.0,1776887549.771
7.0,-10.0,7.0,-10.0,1776887549.799
7.0,-10.0,7.0,-10.0,1776887549.811
17.0,-19.0,17.0,-19.0,1776887550.258
17.0,-19.0,17.0,-19.0,1776887550.271
17.0,-19.0,17.0,-19.0,1776887550.297
17.0,-19.0,17.0,-19.0,1776887550.311
17.0,-21.0,17.0,-21.0,1776887550.338
17.0,-17.0,17.0,-17.0,1776887550.751
17.0,-17.0,17.0,-17.0,1776887550.777
17.0,-17.0,17.0,-17.0,1776887550.791
17.0,-17.0,17.0,-17.0,1776887550.819
17.0,-17.0,17.0,-17.0,1776887550.834
0.0,-1.0,0.0,-1.0,1776887551.759
0.0,-1.0,0.0,-1.0,1776887551.771
1.0,5.0,1.0,5.0,1776887551.797
1.0,5.0,1.0,5.0,1776887551.811
1.0,5.0,1.0,5.0,1776887551.839
25.0,-19.0,25.0,-19.0,1776887552.257
25.0,-19.0,25.0,-19.0,1776887552.271
25.0,-19.0,25.0,-19.0,1776887552.298
25.0,-19.0,25.0,-19.0,1776887552.311
25.0,-19.0,25.0,-19.0,1776887552.337
19.0,-10.0,19.0,-10.0,1776887553.257
19.0,-10.0,19.0,-10.0,1776887553.271
19.0,-10.0,19.0,-10.0,1776887553.297
9.0,-6.0,9.0,-6.0,1776887553.311
9.0,-6.0,9.0,-6.0,1776887553.337
3.0,-4.0,3.0,-4.0,1776887553.76
3.0,-4.0,3.0,-4.0,1776887553.773
3.0,-4.0,3.0,-4.0,1776887553.799
3.0,-4.0,3.0,-4.0,1776887553.811
3.0,-4.0,3.0,-4.0,1776887553.843
0.0,-1.0,0.0,-1.0,1776887554.277
0.0,-1.0,0.0,-1.0,1776887554.296
0.0,-1.0,0.0,-1.0,1776887554.311
0.0,-1.0,0.0,-1.0,1776887554.337
0.0,-1.0,0.0,-1.0,1776887554.352
29.0,-20.0,29.0,-20.0,1776887555.271
29.0,-20.0,29.0,-20.0,1776887555.298
29.0,-20.0,29.0,-20.0,1776887555.311
29.0,-24.0,29.0,-24.0,1776887555.337
29.0,-24.0,29.0,-24.0,1776887555.351
29.0,-22.0,29.0,-22.0,1776887555.776
29.0,-22.0,29.0,-22.0,1776887555.791
29.0,-22.0,29.0,-22.0,1776887555.817
29.0,-22.0,29.0,-22.0,1776887555.831
29.0,-22.0,29.0,-22.0,1776887555.858
0.0,-4.0,0.0,-4.0,1776887556.778
0.0,0.0,0.0,0.0,1776887556.791
0.0,0.0,0.0,0.0,1776887556.817
0.0,0.0,0.0,0.0,1776887556.831
0.0,0.0,0.0,0.0,1776887556.858
0.0,0.0,0.0,0.0,1776887557.271
0.0,0.0,0.0,0.0,1776887557.298
0.0,0.0,0.0,0.0,1776887557.311
0.0,0.0,0.0,0.0,1776887557.337
0.0,0.0,0.0,0.0,1776887557.351
0.0,0.0,0.0,0.0,1776887557.777
0.0,0.0,0.0,0.0,1776887557.792
0.0,0.0,0.0,0.0,1776887557.812
0.0,0.0,0.0,0.0,1776887557.838
0.0,0.0,0.0,0.0,1776887557.851
2.0,0.0,2.0,0.0,1776887558.272
2.0,0.0,2.0,0.0,1776887558.297
2.0,0.0,2.0,0.0,1776887558.312
2.0,0.0,2.0,0.0,1776887558.331
2.0,0.0,2.0,0.0,1776887558.357
8.0,-18.0,8.0,-18.0,1776887558.779
8.0,-18.0,8.0,-18.0,1776887558.792
8.0,-18.0,8.0,-18.0,1776887558.818
10.0,-18.0,10.0,-18.0,1776887558.832
10.0,-18.0,10.0,-18.0,1776887558.858
14.0,-19.0,14.0,-19.0,1776887559.794
12.0,-2.0,12.0,-2.0,1776887559.812
12.0,-2.0,12.0,-2.0,1776887559.839
12.0,-2.0,12.0,-2.0,1776887559.855
12.0,-2.0,12.0,-2.0,1776887559.871
6.0,-1.0,6.0,-1.0,1776887560.277
6.0,-1.0,6.0,-1.0,1776887560.292
6.0,-1.0,6.0,-1.0,1776887560.318
5.0,3.0,5.0,3.0,1776887560.339
5.0,3.0,5.0,3.0,1776887560.351
37.0,38.0,37.0,38.0,1776887560.794
37.0,38.0,37.0,38.0,1776887560.811
37.0,38.0,37.0,38.0,1776887560.831
37.0,38.0,37.0,38.0,1776887560.857
37.0,38.0,37.0,38.0,1776887560.872
72.0,72.0,72.0,72.0,1776887561.291
72.0,72.0,72.0,72.0,1776887561.317
85.0,83.0,85.0,83.0,1776887561.333
85.0,83.0,85.0,83.0,1776887561.361
85.0,83.0,85.0,83.0,1776887561.372
93.0,87.0,93.0,87.0,1776887561.792
93.0,87.0,93.0,87.0,1776887561.818
93.0,87.0,93.0,87.0,1776887561.832
82.0,74.0,82.0,74.0,1776887561.857
82.0,74.0,82.0,74.0,1776887561.871
46.0,39.0,46.0,39.0,1776887562.292
46.0,39.0,46.0,39.0,1776887562.318
46.0,39.0,46.0,39.0,1776887562.332
46.0,39.0,46.0,39.0,1776887562.352
35.0,28.0,35.0,28.0,1776887562.378
0.0,0.0,0.0,0.0,1776887562.791
0.0,0.0,0.0,0.0,1776887562.82
0.0,0.0,0.0,0.0,1776887562.832
0.0,0.0,0.0,0.0,1776887562.858
0.0,0.0,0.0,0.0,1776887562.871
42.0,44.0,42.0,44.0,1776887563.291
42.0,44.0,42.0,44.0,1776887563.32
42.0,44.0,42.0,44.0,1776887563.332
42.0,44.0,42.0,44.0,1776887563.358
42.0,44.0,42.0,44.0,1776887563.372
94.0,95.0,94.0,95.0,1776887563.791
94.0,95.0,94.0,95.0,1776887563.822
94.0,95.0,94.0,95.0,1776887563.833
94.0,95.0,94.0,95.0,1776887563.859
94.0,95.0,94.0,95.0,1776887563.871
79.0,73.0,79.0,73.0,1776887564.292
79.0,73.0,79.0,73.0,1776887564.318
79.0,73.0,79.0,73.0,1776887564.337
79.0,73.0,79.0,73.0,1776887564.351
79.0,73.0,79.0,73.0,1776887564.377
-37.0,37.0,-37.0,37.0,1776887564.799
-25.0,26.0,-25.0,26.0,1776887564.811
-25.0,26.0,-25.0,26.0,1776887564.837
-25.0,26.0,-25.0,26.0,1776887564.852
-25.0,26.0,-25.0,26.0,1776887564.872
0.0,0.0,0.0,0.0,1776887565.298
0.0,0.0,0.0,0.0,1776887565.311
0.0,0.0,0.0,0.0,1776887565.337
0.0,1.0,0.0,1.0,1776887565.351
0.0,1.0,0.0,1.0,1776887565.378
-4.0,8.0,-4.0,8.0,1776887565.791
-4.0,8.0,-4.0,8.0,1776887565.819
-4.0,8.0,-4.0,8.0,1776887565.832
-4.0,8.0,-4.0,8.0,1776887565.859
-4.0,8.0,-4.0,8.0,1776887565.872
-16.0,22.0,-16.0,22.0,1776887566.298
-17.0,25.0,-17.0,25.0,1776887566.311
-17.0,25.0,-17.0,25.0,1776887566.337
-17.0,25.0,-17.0,25.0,1776887566.352
-17.0,25.0,-17.0,25.0,1776887566.378
-21.0,25.0,-21.0,25.0,1776887566.812
-18.0,25.0,-18.0,25.0,1776887566.84
-18.0,25.0,-18.0,25.0,1776887566.853
-18.0,25.0,-18.0,25.0,1776887566.882
-18.0,25.0,-18.0,25.0,1776887566.894
-18.0,18.0,-18.0,18.0,1776887567.311
-18.0,18.0,-18.0,18.0,1776887567.338
-18.0,18.0,-18.0,18.0,1776887567.352
-18.0,18.0,-18.0,18.0,1776887567.377
-18.0,18.0,-18.0,18.0,1776887567.392
7.0,3.0,7.0,3.0,1776887567.798
7.0,3.0,7.0,3.0,1776887567.812
7.0,3.0,7.0,3.0,1776887567.839
3.0,4.0,3.0,4.0,1776887567.855
3.0,4.0,3.0,4.0,1776887567.872
26.0,24.0,26.0,24.0,1776887568.312
26.0,24.0,26.0,24.0,1776887568.339
26.0,24.0,26.0,24.0,1776887568.351
32.0,33.0,32.0,33.0,1776887568.377
32.0,33.0,32.0,33.0,1776887568.392
58.0,59.0,58.0,59.0,1776887568.817
58.0,59.0,58.0,59.0,1776887568.832
58.0,59.0,58.0,59.0,1776887568.857
58.0,59.0,58.0,59.0,1776887568.873
58.0,59.0,58.0,59.0,1776887568.899
79.0,79.0,79.0,79.0,1776887569.318
79.0,79.0,79.0,79.0,1776887569.332
79.0,79.0,79.0,79.0,1776887569.359
79.0,79.0,79.0,79.0,1776887569.372
79.0,79.0,79.0,79.0,1776887569.4
54.0,53.0,54.0,53.0,1776887569.817
54.0,53.0,54.0,53.0,1776887569.832
54.0,53.0,54.0,53.0,1776887569.857
54.0,53.0,54.0,53.0,1776887569.872
54.0,53.0,54.0,53.0,1776887569.898
24.0,-24.0,24.0,-24.0,1776887570.312
12.0,-12.0,12.0,-12.0,1776887570.339
12.0,-12.0,12.0,-12.0,1776887570.352
12.0,-12.0,12.0,-12.0,1776887570.377
12.0,-12.0,12.0,-12.0,1776887570.392
1.0,-5.0,1.0,-5.0,1776887570.812
1.0,-5.0,1.0,-5.0,1776887570.837
1.0,-5.0,1.0,-5.0,1776887570.852
1.0,-5.0,1.0,-5.0,1776887570.879
1.0,-9.0,1.0,-9.0,1776887570.892
1.0,-9.0,1.0,-9.0,1776887571.313
1.0,-9.0,1.0,-9.0,1776887571.339
1.0,-9.0,1.0,-9.0,1776887571.352
1.0,-9.0,1.0,-9.0,1776887571.378
1.0,-9.0,1.0,-9.0,1776887571.392
1.0,-9.0,1.0,-9.0,1776887571.812
1.0,-9.0,1.0,-9.0,1776887571.838
1.0,-9.0,1.0,-9.0,1776887571.852
1.0,-9.0,1.0,-9.0,1776887571.879
1.0,-9.0,1.0,-9.0,1776887571.892
0.0,0.0,0.0,0.0,1776887572.312
0.0,0.0,0.0,0.0,1776887572.34
0.0,0.0,0.0,0.0,1776887572.352
0.0,0.0,0.0,0.0,1776887572.379
0.0,0.0,0.0,0.0,1776887572.392
0.0,0.0,0.0,0.0,1776887572.819
0.0,0.0,0.0,0.0,1776887572.832
0.0,0.0,0.0,0.0,1776887572.858
0.0,0.0,0.0,0.0,1776887572.872
0.0,0.0,0.0,0.0,1776887572.9
0.0,0.0,0.0,0.0,1776887573.338
0.0,0.0,0.0,0.0,1776887573.352
0.0,0.0,0.0,0.0,1776887573.381
0.0,0.0,0.0,0.0,1776887573.396
0.0,0.0,0.0,0.0,1776887573.412
0.0,0.0,0.0,0.0,1776887573.838
0.0,0.0,0.0,0.0,1776887573.852
0.0,0.0,0.0,0.0,1776887573.88
0.0,0.0,0.0,0.0,1776887573.892
0.0,0.0,0.0,0.0,1776887573.92
0.0,0.0,0.0,0.0,1776887574.312
0.0,0.0,0.0,0.0,1776887574.338
0.0,0.0,0.0,0.0,1776887574.352
0.0,0.0,0.0,0.0,1776887574.378
0.0,0.0,0.0,0.0,1776887574.392
0.0,0.0,0.0,0.0,1776887574.837
0.0,0.0,0.0,0.0,1776887574.852
0.0,0.0,0.0,0.0,1776887574.878
0.0,0.0,0.0,0.0,1776887574.899
0.0,0.0,0.0,0.0,1776887574.912
0.0,0.0,0.0,0.0,1776887575.332
0.0,0.0,0.0,0.0,1776887575.359
0.0,0.0,0.0,0.0,1776887575.372
0.0,0.0,0.0,0.0,1776887575.408
0.0,0.0,0.0,0.0,1776887575.418
0.0,0.0,0.0,0.0,1776887575.84
0.0,0.0,0.0,0.0,1776887575.852
0.0,0.0,0.0,0.0,1776887575.878
0.0,0.0,0.0,0.0,1776887575.892
0.0,0.0,0.0,0.0,1776887575.92
0.0,0.0,0.0,0.0,1776887576.338
0.0,0.0,0.0,0.0,1776887576.352
0.0,0.0,0.0,0.0,1776887576.378
0.0,0.0,0.0,0.0,1776887576.392
0.0,0.0,0.0,0.0,1776887576.42
0.0,0.0,0.0,0.0,1776887576.833
0.0,0.0,0.0,0.0,1776887576.859
0.0,0.0,0.0,0.0,1776887576.872
0.0,0.0,0.0,0.0,1776887576.899
0.0,0.0,0.0,0.0,1776887576.912
0.0,0.0,0.0,0.0,1776887577.338
0.0,0.0,0.0,0.0,1776887577.352
0.0,0.0,0.0,0.0,1776887577.378
0.0,0.0,0.0,0.0,1776887577.392
0.0,0.0,0.0,0.0,1776887577.418
0.0,0.0,0.0,0.0,1776887577.832
0.0,0.0,0.0,0.0,1776887577.852
0.0,0.0,0.0,0.0,1776887577.878
0.0,0.0,0.0,0.0,1776887577.892
0.0,0.0,0.0,0.0,1776887577.918
0.0,0.0,0.0,0.0,1776887578.332
0.0,0.0,0.0,0.0,1776887578.36
0.0,0.0,0.0,0.0,1776887578.372
0.0,0.0,0.0,0.0,1776887578.398
0.0,0.0,0.0,0.0,1776887578.419
0.0,0.0,0.0,0.0,1776887578.832
0.0,0.0,0.0,0.0,1776887578.864
0.0,0.0,0.0,0.0,1776887578.874
0.0,0.0,0.0,0.0,1776887578.9
0.0,0.0,0.0,0.0,1776887578.912
0.0,0.0,0.0,0.0,1776887579.352
0.0,0.0,0.0,0.0,1776887579.379
0.0,0.0,0.0,0.0,1776887579.392
0.0,0.0,0.0,0.0,1776887579.421
0.0,0.0,0.0,0.0,1776887579.432
0.0,0.0,0.0,0.0,1776887579.852
0.0,0.0,0.0,0.0,1776887579.878
0.0,0.0,0.0,0.0,1776887579.895
0.0,0.0,0.0,0.0,1776887579.912
0.0,0.0,0.0,0.0,1776887579.937
0.0,0.0,0.0,0.0,1776887580.354
0.0,0.0,0.0,0.0,1776887580.372
0.0,0.0,0.0,0.0,1776887580.399
0.0,0.0,0.0,0.0,1776887580.412
0.0,0.0,0.0,0.0,1776887580.438
0.0,0.0,0.0,0.0,1776887580.859
0.0,0.0,0.0,0.0,1776887580.872
0.0,0.0,0.0,0.0,1776887580.898
0.0,0.0,0.0,0.0,1776887580.914
0.0,0.0,0.0,0.0,1776887580.932
0.0,0.0,0.0,0.0,1776887581.352
0.0,0.0,0.0,0.0,1776887581.379
0.0,0.0,0.0,0.0,1776887581.392
0.0,0.0,0.0,0.0,1776887581.417
0.0,0.0,0.0,0.0,1776887581.432
0.0,0.0,0.0,0.0,1776887581.852
0.0,0.0,0.0,0.0,1776887581.88
0.0,0.0,0.0,0.0,1776887581.892
0.0,0.0,0.0,0.0,1776887581.919
0.0,0.0,0.0,0.0,1776887581.933
0.0,0.0,0.0,0.0,1776887582.352
0.0,0.0,0.0,0.0,1776887582.378
0.0,0.0,0.0,0.0,1776887582.392
0.0,0.0,0.0,0.0,1776887582.418
0.0,0.0,0.0,0.0,1776887582.432
0.0,0.0,0.0,0.0,1776887582.879
0.0,0.0,0.0,0.0,1776887582.899
0.0,0.0,0.0,0.0,1776887582.912
0.0,0.0,0.0,0.0,1776887582.938
0.0,0.0,0.0,0.0,1776887582.952
0.0,0.0,0.0,0.0,1776887583.378
0.0,0.0,0.0,0.0,1776887583.392
0.0,0.0,0.0,0.0,1776887583.418
0.0,0.0,0.0,0.0,1776887583.432
0.0,0.0,0.0,0.0,1776887583.458
0.0,0.0,0.0,0.0,1776887583.872
0.0,0.0,0.0,0.0,1776887583.898
0.0,0.0,0.0,0.0,1776887583.912
0.0,0.0,0.0,0.0,1776887583.932
0.0,0.0,0.0,0.0,1776887583.958
0.0,0.0,0.0,0.0,1776887584.372
0.0,0.0,0.0,0.0,1776887584.398
0.0,0.0,0.0,0.0,1776887584.412
0.0,0.0,0.0,0.0,1776887584.44
0.0,0.0,0.0,0.0,1776887584.452
0.0,0.0,0.0,0.0,1776887584.872
0.0,0.0,0.0,0.0,1776887584.898
0.0,0.0,0.0,0.0,1776887584.912
0.0,0.0,0.0,0.0,1776887584.938
0.0,0.0,0.0,0.0,1776887584.952
0.0,0.0,0.0,0.0,1776887585.381
0.0,0.0,0.0,0.0,1776887585.395
0.0,0.0,0.0,0.0,1776887585.42
0.0,0.0,0.0,0.0,1776887585.432
0.0,0.0,0.0,0.0,1776887585.458
0.0,0.0,0.0,0.0,1776887585.872
0.0,0.0,0.0,0.0,1776887585.898
0.0,0.0,0.0,0.0,1776887585.912
0.0,0.0,0.0,0.0,1776887585.939
0.0,0.0,0.0,0.0,1776887585.952
0.0,0.0,0.0,0.0,1776887586.378
0.0,0.0,0.0,0.0,1776887586.392
0.0,0.0,0.0,0.0,1776887586.418
0.0,0.0,0.0,0.0,1776887586.432
0.0,0.0,0.0,0.0,1776887586.458
0.0,0.0,0.0,0.0,1776887586.872
0.0,0.0,0.0,0.0,1776887586.898
0.0,0.0,0.0,0.0,1776887586.912
0.0,0.0,0.0,0.0,1776887586.932
0.0,0.0,0.0,0.0,1776887586.959
0.0,0.0,0.0,0.0,1776887587.379
0.0,0.0,0.0,0.0,1776887587.392
0.0,0.0,0.0,0.0,1776887587.42
0.0,0.0,0.0,0.0,1776887587.432
0.0,0.0,0.0,0.0,1776887587.458
0.0,0.0,0.0,0.0,1776887587.878
0.0,0.0,0.0,0.0,1776887587.892
0.0,0.0,0.0,0.0,1776887587.918
0.0,0.0,0.0,0.0,1776887587.932
0.0,0.0,0.0,0.0,1776887587.952
0.0,0.0,0.0,0.0,1776887588.4
0.0,0.0,0.0,0.0,1776887588.412
0.0,0.0,0.0,0.0,1776887588.438
0.0,0.0,0.0,0.0,1776887588.452
0.0,0.0,0.0,0.0,1776887588.478
0.0,0.0,0.0,0.0,1776887588.879
0.0,0.0,0.0,0.0,1776887588.892
0.0,0.0,0.0,0.0,1776887588.92
0.0,0.0,0.0,0.0,1776887588.932
0.0,0.0,0.0,0.0,1776887588.959
0.0,0.0,0.0,0.0,1776887589.392
0.0,0.0,0.0,0.0,1776887589.418
0.0,0.0,0.0,0.0,1776887589.432
0.0,0.0,0.0,0.0,1776887589.458
0.0,0.0,0.0,0.0,1776887589.472
0.0,0.0,0.0,0.0,1776887589.9
0.0,0.0,0.0,0.0,1776887589.912
0.0,0.0,0.0,0.0,1776887589.939
0.0,0.0,0.0,0.0,1776887589.952
0.0,0.0,0.0,0.0,1776887589.973
0.0,0.0,0.0,0.0,1776887590.392
0.0,0.0,0.0,0.0,1776887590.418
0.0,0.0,0.0,0.0,1776887590.433
0.0,0.0,0.0,0.0,1776887590.452
0.0,0.0,0.0,0.0,1776887590.478
0.0,0.0,0.0,0.0,1776887590.893
0.0,0.0,0.0,0.0,1776887590.919
0.0,0.0,0.0,0.0,1776887590.932
0.0,0.0,0.0,0.0,1776887590.962
0.0,0.0,0.0,0.0,1776887590.973
0.0,0.0,0.0,0.0,1776887591.392
0.0,0.0,0.0,0.0,1776887591.414
0.0,0.0,0.0,0.0,1776887591.432
0.0,0.0,0.0,0.0,1776887591.458
0.0,0.0,0.0,0.0,1776887591.472
0.0,0.0,0.0,0.0,1776887591.898
0.0,0.0,0.0,0.0,1776887591.912
0.0,0.0,0.0,0.0,1776887591.938
0.0,0.0,0.0,0.0,1776887591.952
0.0,0.0,0.0,0.0,1776887591.982
0.0,0.0,0.0,0.0,1776887592.398
0.0,0.0,0.0,0.0,1776887592.412
0.0,0.0,0.0,0.0,1776887592.434
0.0,0.0,0.0,0.0,1776887592.452
0.0,0.0,0.0,0.0,1776887592.478
0.0,0.0,0.0,0.0,1776887592.898
0.0,0.0,0.0,0.0,1776887592.912
0.0,0.0,0.0,0.0,1776887592.938
0.0,0.0,0.0,0.0,1776887592.952
0.0,0.0,0.0,0.0,1776887592.978
0.0,0.0,0.0,0.0,1776887593.392
0.0,0.0,0.0,0.0,1776887593.418
0.0,0.0,0.0,0.0,1776887593.432
0.0,0.0,0.0,0.0,1776887593.464
0.0,0.0,0.0,0.0,1776887593.475
0.0,0.0,0.0,0.0,1776887593.912
0.0,0.0,0.0,0.0,1776887593.938
0.0,0.0,0.0,0.0,1776887593.952
0.0,0.0,0.0,0.0,1776887593.98
0.0,0.0,0.0,0.0,1776887593.992
0.0,0.0,0.0,0.0,1776887594.398
0.0,0.0,0.0,0.0,1776887594.414
0.0,0.0,0.0,0.0,1776887594.432
0.0,0.0,0.0,0.0,1776887594.458
0.0,0.0,0.0,0.0,1776887594.473
0.0,0.0,0.0,0.0,1776887594.892
0.0,0.0,0.0,0.0,1776887594.918
0.0,0.0,0.0,0.0,1776887594.933
0.0,0.0,0.0,0.0,1776887594.958
0.0,0.0,0.0,0.0,1776887594.972
0.0,0.0,0.0,0.0,1776887595.418
0.0,0.0,0.0,0.0,1776887595.432
0.0,0.0,0.0,0.0,1776887595.458
0.0,0.0,0.0,0.0,1776887595.472
0.0,0.0,0.0,0.0,1776887595.498
0.0,0.0,0.0,0.0,1776887595.919
0.0,0.0,0.0,0.0,1776887595.932
0.0,0.0,0.0,0.0,1776887595.958
0.0,0.0,0.0,0.0,1776887595.973
0.0,0.0,0.0,0.0,1776887595.999
-4.0,0.0,-4.0,0.0,1776887596.419
-4.0,0.0,-4.0,0.0,1776887596.432
-4.0,1.0,-4.0,1.0,1776887596.458
-4.0,1.0,-4.0,1.0,1776887596.472
-4.0,1.0,-4.0,1.0,1776887596.499
-10.0,1.0,-10.0,1.0,1776887596.921
-10.0,1.0,-10.0,1.0,1776887596.932
-10.0,1.0,-10.0,1.0,1776887596.959
-10.0,1.0,-10.0,1.0,1776887596.977
-10.0,1.0,-10.0,1.0,1776887596.992
-5.0,1.0,-5.0,1.0,1776887597.419
-5.0,1.0,-5.0,1.0,1776887597.432
-5.0,1.0,-5.0,1.0,1776887597.458
-5.0,1.0,-5.0,1.0,1776887597.472
-5.0,1.0,-5.0,1.0,1776887597.492
-2.0,0.0,-2.0,0.0,1776887597.919
-2.0,0.0,-2.0,0.0,1776887597.94
-2.0,0.0,-2.0,0.0,1776887597.953
-2.0,0.0,-2.0,0.0,1776887597.979
-2.0,0.0,-2.0,0.0,1776887597.993
0.0,0.0,0.0,0.0,1776887598.419
0.0,0.0,0.0,0.0,1776887598.432
0.0,0.0,0.0,0.0,1776887598.458
0.0,0.0,0.0,0.0,1776887598.472
0.0,0.0,0.0,0.0,1776887598.5
0.0,0.0,0.0,0.0,1776887598.912
0.0,0.0,0.0,0.0,1776887598.938
0.0,0.0,0.0,0.0,1776887598.952
0.0,0.0,0.0,0.0,1776887598.979
0.0,0.0,0.0,0.0,1776887598.992
0.0,0.0,0.0,0.0,1776887599.439
0.0,0.0,0.0,0.0,1776887599.452
0.0,0.0,0.0,0.0,1776887599.473
0.0,0.0,0.0,0.0,1776887599.499
0.0,0.0,0.0,0.0,1776887599.512
0.0,0.0,0.0,0.0,1776887599.938
0.0,0.0,0.0,0.0,1776887599.954
0.0,0.0,0.0,0.0,1776887599.972
0.0,0.0,0.0,0.0,1776887599.998
0.0,0.0,0.0,0.0,1776887600.012
16.0,18.0,16.0,18.0,1776887600.441
16.0,18.0,16.0,18.0,1776887600.452
16.0,18.0,16.0,18.0,1776887600.478
16.0,18.0,16.0,18.0,1776887600.499
16.0,18.0,16.0,18.0,1776887600.512
43.0,43.0,43.0,43.0,1776887600.934
43.0,43.0,43.0,43.0,1776887600.96
49.0,54.0,49.0,54.0,1776887600.973
49.0,54.0,49.0,54.0,1776887600.999
49.0,54.0,49.0,54.0,1776887601.012
57.0,64.0,57.0,64.0,1776887601.439
55.0,63.0,55.0,63.0,1776887601.458
55.0,63.0,55.0,63.0,1776887601.472
55.0,63.0,55.0,63.0,1776887601.498
55.0,63.0,55.0,63.0,1776887601.512
31.0,37.0,31.0,37.0,1776887601.952
31.0,37.0,31.0,37.0,1776887601.973
22.0,27.0,22.0,27.0,1776887602.0
22.0,27.0,22.0,27.0,1776887602.012
22.0,27.0,22.0,27.0,1776887602.038
0.0,0.0,0.0,0.0,1776887602.452
0.0,0.0,0.0,0.0,1776887602.478
0.0,0.0,0.0,0.0,1776887602.492
0.0,0.0,0.0,0.0,1776887602.521
0.0,0.0,0.0,0.0,1776887602.532
0.0,0.0,0.0,0.0,1776887602.953
30.0,0.0,30.0,0.0,1776887602.979
30.0,0.0,30.0,0.0,1776887602.992
30.0,0.0,30.0,0.0,1776887603.018
30.0,0.0,30.0,0.0,1776887603.032
55.0,29.0,55.0,29.0,1776887603.452
55.0,29.0,55.0,29.0,1776887603.478
55.0,29.0,55.0,29.0,1776887603.493
55.0,29.0,55.0,29.0,1776887603.519
55.0,29.0,55.0,29.0,1776887603.532
55.0,29.0,55.0,29.0,1776887603.959
55.0,29.0,55.0,29.0,1776887603.972
55.0,29.0,55.0,29.0,1776887603.999
55.0,29.0,55.0,29.0,1776887604.013
55.0,29.0,55.0,29.0,1776887604.038
18.0,22.0,18.0,22.0,1776887604.458
18.0,22.0,18.0,22.0,1776887604.475
18.0,22.0,18.0,22.0,1776887604.501
18.0,22.0,18.0,22.0,1776887604.512
18.0,22.0,18.0,22.0,1776887604.532
0.0,0.0,0.0,0.0,1776887604.952
0.0,0.0,0.0,0.0,1776887604.978
0.0,0.0,0.0,0.0,1776887604.992
0.0,0.0,0.0,0.0,1776887605.018
0.0,0.0,0.0,0.0,1776887605.033
18.0,21.0,18.0,21.0,1776887605.458
18.0,21.0,18.0,21.0,1776887605.473
18.0,21.0,18.0,21.0,1776887605.492
18.0,21.0,18.0,21.0,1776887605.518
18.0,21.0,18.0,21.0,1776887605.532
60.0,65.0,60.0,65.0,1776887605.952
60.0,65.0,60.0,65.0,1776887605.978
60.0,65.0,60.0,65.0,1776887605.992
60.0,65.0,60.0,65.0,1776887606.02
60.0,65.0,60.0,65.0,1776887606.033
66.0,69.0,66.0,69.0,1776887606.452
66.0,69.0,66.0,69.0,1776887606.48
66.0,69.0,66.0,69.0,1776887606.492
66.0,69.0,66.0,69.0,1776887606.518
66.0,69.0,66.0,69.0,1776887606.533
39.0,42.0,39.0,42.0,1776887606.953
29.0,27.0,29.0,27.0,1776887606.979
29.0,27.0,29.0,27.0,1776887606.992
29.0,27.0,29.0,27.0,1776887607.018
29.0,27.0,29.0,27.0,1776887607.032
0.0,0.0,0.0,0.0,1776887607.473
0.0,1.0,0.0,1.0,1776887607.501
0.0,1.0,0.0,1.0,1776887607.513
0.0,1.0,0.0,1.0,1776887607.539
0.0,1.0,0.0,1.0,1776887607.552
20.0,15.0,20.0,15.0,1776887607.972
20.0,15.0,20.0,15.0,1776887607.999
31.0,19.0,31.0,19.0,1776887608.013
31.0,19.0,31.0,19.0,1776887608.039
31.0,19.0,31.0,19.0,1776887608.053
64.0,51.0,64.0,51.0,1776887608.484
64.0,51.0,64.0,51.0,1776887608.498
69.0,55.0,69.0,55.0,1776887608.512
69.0,55.0,69.0,55.0,1776887608.538
69.0,55.0,69.0,55.0,1776887608.552
67.0,52.0,67.0,52.0,1776887608.978
67.0,52.0,67.0,52.0,1776887608.992
67.0,52.0,67.0,52.0,1776887609.021
58.0,45.0,58.0,45.0,1776887609.037
58.0,45.0,58.0,45.0,1776887609.053
28.0,25.0,28.0,25.0,1776887609.481
28.0,25.0,28.0,25.0,1776887609.493
28.0,25.0,28.0,25.0,1776887609.519
20.0,16.0,20.0,16.0,1776887609.533
20.0,16.0,20.0,16.0,1776887609.558
3.0,1.0,3.0,1.0,1776887609.992
3.0,1.0,3.0,1.0,1776887610.019
3.0,1.0,3.0,1.0,1776887610.033
3.0,1.0,3.0,1.0,1776887610.059
6.0,4.0,6.0,4.0,1776887610.073
22.0,27.0,22.0,27.0,1776887610.472
22.0,27.0,22.0,27.0,1776887610.498
22.0,27.0,22.0,27.0,1776887610.513
22.0,27.0,22.0,27.0,1776887610.539
22.0,27.0,22.0,27.0,1776887610.553
66.0,62.0,66.0,62.0,1776887610.999
66.0,62.0,66.0,62.0,1776887611.013
66.0,62.0,66.0,62.0,1776887611.038
66.0,62.0,66.0,62.0,1776887611.06
66.0,62.0,66.0,62.0,1776887611.073
69.0,66.0,69.0,66.0,1776887611.498
69.0,66.0,69.0,66.0,1776887611.513
69.0,66.0,69.0,66.0,1776887611.539
69.0,66.0,69.0,66.0,1776887611.553
69.0,66.0,69.0,66.0,1776887611.573
33.0,32.0,33.0,32.0,1776887611.993
33.0,32.0,33.0,32.0,1776887612.019
33.0,32.0,33.0,32.0,1776887612.033
33.0,32.0,33.0,32.0,1776887612.058
33.0,32.0,33.0,32.0,1776887612.073
4.0,4.0,4.0,4.0,1776887612.5
4.0,4.0,4.0,4.0,1776887612.513
0.0,0.0,0.0,0.0,1776887612.534
0.0,0.0,0.0,0.0,1776887612.56
0.0,0.0,0.0,0.0,1776887612.573
0.0,3.0,0.0,3.0,1776887612.996
0.0,3.0,0.0,3.0,1776887613.021
0.0,3.0,0.0,3.0,1776887613.033
3.0,12.0,3.0,12.0,1776887613.06
3.0,12.0,3.0,12.0,1776887613.073
18.0,42.0,18.0,42.0,1776887613.493
18.0,42.0,18.0,42.0,1776887613.524
18.0,42.0,18.0,42.0,1776887613.537
18.0,42.0,18.0,42.0,1776887613.553
18.0,42.0,18.0,42.0,1776887613.579
-21.0,44.0,-21.0,44.0,1776887613.993
-21.0,44.0,-21.0,44.0,1776887614.019
-21.0,44.0,-21.0,44.0,1776887614.033
-21.0,44.0,-21.0,44.0,1776887614.058
-24.0,47.0,-24.0,47.0,1776887614.073
-20.0,24.0,-20.0,24.0,1776887614.494
-20.0,24.0,-20.0,24.0,1776887614.513
-20.0,24.0,-20.0,24.0,1776887614.539
-20.0,24.0,-20.0,24.0,1776887614.553
-20.0,24.0,-20.0,24.0,1776887614.579
-16.0,19.0,-16.0,19.0,1776887614.999
-21.0,24.0,-21.0,24.0,1776887615.013
-21.0,24.0,-21.0,24.0,1776887615.039
-21.0,24.0,-21.0,24.0,1776887615.053
-21.0,24.0,-21.0,24.0,1776887615.079
-19.0,22.0,-19.0,22.0,1776887615.493
-19.0,22.0,-19.0,22.0,1776887615.518
-19.0,22.0,-19.0,22.0,1776887615.538
-19.0,22.0,-19.0,22.0,1776887615.553
-19.0,22.0,-19.0,22.0,1776887615.579
-24.0,21.0,-24.0,21.0,1776887616.0
-24.0,21.0,-24.0,21.0,1776887616.02
-24.0,21.0,-24.0,21.0,1776887616.033
-24.0,21.0,-24.0,21.0,1776887616.053
-24.0,21.0,-24.0,21.0,1776887616.081
-31.0,17.0,-31.0,17.0,1776887616.498
-31.0,17.0,-31.0,17.0,1776887616.513
-31.0,17.0,-31.0,17.0,1776887616.541
-31.0,17.0,-31.0,17.0,1776887616.553
-31.0,17.0,-31.0,17.0,1776887616.579
-23.0,16.0,-23.0,16.0,1776887616.993
-23.0,16.0,-23.0,16.0,1776887617.013
-23.0,16.0,-23.0,16.0,1776887617.039
-23.0,16.0,-23.0,16.0,1776887617.054
-23.0,16.0,-23.0,16.0,1776887617.073
-15.0,12.0,-15.0,12.0,1776887617.52
-15.0,12.0,-15.0,12.0,1776887617.533
-15.0,12.0,-15.0,12.0,1776887617.553
-15.0,12.0,-15.0,12.0,1776887617.579
-15.0,12.0,-15.0,12.0,1776887617.594
-16.0,17.0,-16.0,17.0,1776887618.013
-25.0,23.0,-25.0,23.0,1776887618.039
-25.0,23.0,-25.0,23.0,1776887618.053
-25.0,23.0,-25.0,23.0,1776887618.079
-25.0,23.0,-25.0,23.0,1776887618.095
-30.0,19.0,-30.0,19.0,1776887618.513
-30.0,19.0,-30.0,19.0,1776887618.538
-30.0,19.0,-30.0,19.0,1776887618.553
-30.0,19.0,-30.0,19.0,1776887618.581
-34.0,24.0,-34.0,24.0,1776887618.593
-27.0,21.0,-27.0,21.0,1776887619.013
-27.0,21.0,-27.0,21.0,1776887619.039
-25.0,20.0,-25.0,20.0,1776887619.054
-25.0,20.0,-25.0,20.0,1776887619.08
-25.0,20.0,-25.0,20.0,1776887619.093
-13.0,23.0,-13.0,23.0,1776887619.513
-13.0,23.0,-13.0,23.0,1776887619.539
-12.0,23.0,-12.0,23.0,1776887619.553
-12.0,23.0,-12.0,23.0,1776887619.573
-12.0,23.0,-12.0,23.0,1776887619.6
-5.0,11.0,-5.0,11.0,1776887620.033
-5.0,11.0,-5.0,11.0,1776887620.059
-5.0,11.0,-5.0,11.0,1776887620.073
-5.0,11.0,-5.0,11.0,1776887620.099
-5.0,11.0,-5.0,11.0,1776887620.113
-3.0,4.0,-3.0,4.0,1776887620.513
-3.0,4.0,-3.0,4.0,1776887620.54
-3.0,4.0,-3.0,4.0,1776887620.553
-3.0,4.0,-3.0,4.0,1776887620.58
-3.0,4.0,-3.0,4.0,1776887620.593
0.0,0.0,0.0,0.0,1776887621.043
0.0,0.0,0.0,0.0,1776887621.062
0.0,0.0,0.0,0.0,1776887621.073
0.0,0.0,0.0,0.0,1776887621.099
0.0,0.0,0.0,0.0,1776887621.113
0.0,0.0,0.0,0.0,1776887621.539
0.0,0.0,0.0,0.0,1776887621.553
0.0,0.0,0.0,0.0,1776887621.579
0.0,0.0,0.0,0.0,1776887621.593
0.0,0.0,0.0,0.0,1776887621.623
0.0,0.0,0.0,0.0,1776887622.033
0.0,0.0,0.0,0.0,1776887622.063
0.0,0.0,0.0,0.0,1776887622.074
0.0,0.0,0.0,0.0,1776887622.1
0.0,0.0,0.0,0.0,1776887622.113
0.0,0.0,0.0,0.0,1776887622.533
0.0,0.0,0.0,0.0,1776887622.559
0.0,0.0,0.0,0.0,1776887622.574
0.0,0.0,0.0,0.0,1776887622.6
0.0,0.0,0.0,0.0,1776887622.614
0.0,0.0,0.0,0.0,1776887623.033
0.0,0.0,0.0,0.0,1776887623.059
0.0,0.0,0.0,0.0,1776887623.074
0.0,0.0,0.0,0.0,1776887623.093
0.0,0.0,0.0,0.0,1776887623.119
0.0,0.0,0.0,0.0,1776887623.541
0.0,0.0,0.0,0.0,1776887623.553
0.0,0.0,0.0,0.0,1776887623.579
0.0,0.0,0.0,0.0,1776887623.593
0.0,0.0,0.0,0.0,1776887623.62
0.0,0.0,0.0,0.0,1776887624.033
0.0,0.0,0.0,0.0,1776887624.053
0.0,0.0,0.0,0.0,1776887624.079
0.0,0.0,0.0,0.0,1776887624.093
0.0,0.0,0.0,0.0,1776887624.113
-11.0,-21.0,-11.0,-21.0,1776887624.553
-11.0,-21.0,-11.0,-21.0,1776887624.579
-21.0,-28.0,-21.0,-28.0,1776887624.593
-21.0,-28.0,-21.0,-28.0,1776887624.622
-21.0,-28.0,-21.0,-28.0,1776887624.633
-43.0,-44.0,-43.0,-44.0,1776887625.055
-43.0,-44.0,-43.0,-44.0,1776887625.081
-43.0,-44.0,-43.0,-44.0,1776887625.093
-43.0,-44.0,-43.0,-44.0,1776887625.119
-43.0,-44.0,-43.0,-44.0,1776887625.134
-48.0,-37.0,-48.0,-37.0,1776887625.553
-48.0,-37.0,-48.0,-37.0,1776887625.581
-48.0,-37.0,-48.0,-37.0,1776887625.593
-48.0,-37.0,-48.0,-37.0,1776887625.619
-43.0,-30.0,-43.0,-30.0,1776887625.633
-17.0,-12.0,-17.0,-12.0,1776887626.053
-17.0,-12.0,-17.0,-12.0,1776887626.081
-17.0,-12.0,-17.0,-12.0,1776887626.103
-17.0,-12.0,-17.0,-12.0,1776887626.114
-17.0,-12.0,-17.0,-12.0,1776887626.141
0.0,2.0,0.0,2.0,1776887626.553
0.0,2.0,0.0,2.0,1776887626.58
0.0,2.0,0.0,2.0,1776887626.593
0.0,2.0,0.0,2.0,1776887626.62
0.0,2.0,0.0,2.0,1776887626.633
19.0,24.0,19.0,24.0,1776887627.054
19.0,24.0,19.0,24.0,1776887627.081
32.0,39.0,32.0,39.0,1776887627.093
32.0,39.0,32.0,39.0,1776887627.119
32.0,39.0,32.0,39.0,1776887627.133
36.0,52.0,36.0,52.0,1776887627.553
36.0,52.0,36.0,52.0,1776887627.58
36.0,52.0,36.0,52.0,1776887627.593
40.0,55.0,40.0,55.0,1776887627.619
40.0,55.0,40.0,55.0,1776887627.633
48.0,69.0,48.0,69.0,1776887628.059
48.0,69.0,48.0,69.0,1776887628.073
48.0,69.0,48.0,69.0,1776887628.099
48.0,69.0,48.0,69.0,1776887628.113
42.0,62.0,42.0,62.0,1776887628.142
15.0,25.0,15.0,25.0,1776887628.559
15.0,25.0,15.0,25.0,1776887628.573
15.0,25.0,15.0,25.0,1776887628.601
15.0,25.0,15.0,25.0,1776887628.613
15.0,25.0,15.0,25.0,1776887628.639
6.0,18.0,6.0,18.0,1776887629.073
6.0,18.0,6.0,18.0,1776887629.102
6.0,18.0,6.0,18.0,1776887629.113
0.0,9.0,0.0,9.0,1776887629.139
0.0,9.0,0.0,9.0,1776887629.153
0.0,0.0,0.0,0.0,1776887629.553
0.0,0.0,0.0,0.0,1776887629.579
0.0,0.0,0.0,0.0,1776887629.593
0.0,0.0,0.0,0.0,1776887629.619
0.0,0.0,0.0,0.0,1776887629.633
6.0,11.0,6.0,11.0,1776887630.08
6.0,11.0,6.0,11.0,1776887630.096
6.0,11.0,6.0,11.0,1776887630.113
6.0,11.0,6.0,11.0,1776887630.133
6.0,11.0,6.0,11.0,1776887630.159
24.0,40.0,24.0,40.0,1776887630.58
24.0,40.0,24.0,40.0,1776887630.593
24.0,40.0,24.0,40.0,1776887630.619
24.0,40.0,24.0,40.0,1776887630.633
24.0,40.0,24.0,40.0,1776887630.659
37.0,75.0,37.0,75.0,1776887631.073
42.0,82.0,42.0,82.0,1776887631.101
42.0,82.0,42.0,82.0,1776887631.113
42.0,82.0,42.0,82.0,1776887631.141
42.0,82.0,42.0,82.0,1776887631.153
37.0,88.0,37.0,88.0,1776887631.58
36.0,86.0,36.0,86.0,1776887631.593
36.0,86.0,36.0,86.0,1776887631.621
36.0,86.0,36.0,86.0,1776887631.633
36.0,86.0,36.0,86.0,1776887631.662
37.0,94.0,37.0,94.0,1776887632.079
30.0,88.0,30.0,88.0,1776887632.094
30.0,88.0,30.0,88.0,1776887632.12
30.0,88.0,30.0,88.0,1776887632.133
30.0,88.0,30.0,88.0,1776887632.161
19.0,64.0,19.0,64.0,1776887632.579
19.0,64.0,19.0,64.0,1776887632.594
19.0,64.0,19.0,64.0,1776887632.613
15.0,51.0,15.0,51.0,1776887632.64
15.0,51.0,15.0,51.0,1776887632.654
-7.0,-12.0,-7.0,-12.0,1776887633.573
-7.0,-12.0,-7.0,-12.0,1776887633.599
-7.0,-12.0,-7.0,-12.0,1776887633.618
-16.0,-18.0,-16.0,-18.0,1776887633.633
-16.0,-18.0,-16.0,-18.0,1776887633.662
-45.0,-47.0,-45.0,-47.0,1776887634.073
-45.0,-47.0,-45.0,-47.0,1776887634.101
-45.0,-47.0,-45.0,-47.0,1776887634.113
-45.0,-47.0,-45.0,-47.0,1776887634.139
-55.0,-54.0,-55.0,-54.0,1776887634.153
-79.0,-63.0,-79.0,-63.0,1776887634.575
-79.0,-63.0,-79.0,-63.0,1776887634.601
-79.0,-63.0,-79.0,-63.0,1776887634.613
-79.0,-63.0,-79.0,-63.0,1776887634.639
-79.0,-63.0,-79.0,-63.0,1776887634.653
-90.0,-58.0,-90.0,-58.0,1776887635.094
-90.0,-58.0,-90.0,-58.0,1776887635.119
-90.0,-58.0,-90.0,-58.0,1776887635.134
-90.0,-58.0,-90.0,-58.0,1776887635.16
-90.0,-58.0,-90.0,-58.0,1776887635.173
-61.0,-31.0,-61.0,-31.0,1776887635.593
-61.0,-31.0,-61.0,-31.0,1776887635.619
-49.0,-25.0,-49.0,-25.0,1776887635.633
-49.0,-25.0,-49.0,-25.0,1776887635.659
-49.0,-25.0,-49.0,-25.0,1776887635.673
-22.0,-10.0,-22.0,-10.0,1776887636.099
-22.0,-10.0,-22.0,-10.0,1776887636.113
-22.0,-10.0,-22.0,-10.0,1776887636.14
-15.0,-7.0,-15.0,-7.0,1776887636.153
-15.0,-7.0,-15.0,-7.0,1776887636.179
0.0,0.0,0.0,0.0,1776887636.595
0.0,0.0,0.0,0.0,1776887636.621
0.0,0.0,0.0,0.0,1776887636.633
0.0,0.0,0.0,0.0,1776887636.659
0.0,0.0,0.0,0.0,1776887636.673
0.0,1.0,0.0,1.0,1776887637.103
0.0,1.0,0.0,1.0,1776887637.113
0.0,1.0,0.0,1.0,1776887637.139
0.0,1.0,0.0,1.0,1776887637.153
0.0,1.0,0.0,1.0,1776887637.179
8.0,26.0,8.0,26.0,1776887637.593
8.0,26.0,8.0,26.0,1776887637.619
8.0,26.0,8.0,26.0,1776887637.633
8.0,26.0,8.0,26.0,1776887637.667
8.0,26.0,8.0,26.0,1776887637.679
23.0,51.0,23.0,51.0,1776887638.099
23.0,51.0,23.0,51.0,1776887638.113
23.0,51.0,23.0,51.0,1776887638.133
29.0,62.0,29.0,62.0,1776887638.159
29.0,62.0,29.0,62.0,1776887638.175
43.0,91.0,43.0,91.0,1776887638.593
45.0,96.0,45.0,96.0,1776887638.619
45.0,96.0,45.0,96.0,1776887638.633
45.0,96.0,45.0,96.0,1776887638.659
45.0,96.0,45.0,96.0,1776887638.673
43.0,97.0,43.0,97.0,1776887639.119
43.0,97.0,43.0,97.0,1776887639.137
43.0,97.0,43.0,97.0,1776887639.153
43.0,97.0,43.0,97.0,1776887639.179
43.0,97.0,43.0,97.0,1776887639.193
27.0,72.0,27.0,72.0,1776887639.593
22.0,61.0,22.0,61.0,1776887639.62
22.0,61.0,22.0,61.0,1776887639.633
22.0,61.0,22.0,61.0,1776887639.665
22.0,61.0,22.0,61.0,1776887639.679
9.0,27.0,9.0,27.0,1776887640.113
3.0,18.0,3.0,18.0,1776887640.139
3.0,18.0,3.0,18.0,1776887640.153
3.0,18.0,3.0,18.0,1776887640.179
3.0,18.0,3.0,18.0,1776887640.193
-23.0,-16.0,-23.0,-16.0,1776887640.623
-32.0,-20.0,-32.0,-20.0,1776887640.634
-32.0,-20.0,-32.0,-20.0,1776887640.66
-32.0,-20.0,-32.0,-20.0,1776887640.673
-32.0,-20.0,-32.0,-20.0,1776887640.694
-68.0,-39.0,-68.0,-39.0,1776887641.119
-68.0,-39.0,-68.0,-39.0,1776887641.136
-77.0,-46.0,-77.0,-46.0,1776887641.162
-77.0,-46.0,-77.0,-46.0,1776887641.173
-77.0,-46.0,-77.0,-46.0,1776887641.202
-103.0,-65.0,-103.0,-65.0,1776887641.62
-103.0,-65.0,-103.0,-65.0,1776887641.634
-103.0,-65.0,-103.0,-65.0,1776887641.661
-103.0,-65.0,-103.0,-65.0,1776887641.674
-103.0,-65.0,-103.0,-65.0,1776887641.7
-99.0,-63.0,-99.0,-63.0,1776887642.113
-88.0,-54.0,-88.0,-54.0,1776887642.139
-88.0,-54.0,-88.0,-54.0,1776887642.153
-88.0,-54.0,-88.0,-54.0,1776887642.182
-88.0,-54.0,-88.0,-54.0,1776887642.194
60.0,43.0,60.0,43.0,1776887642.613
56.0,42.0,56.0,42.0,1776887642.64
56.0,42.0,56.0,42.0,1776887642.653
56.0,42.0,56.0,42.0,1776887642.682
56.0,42.0,56.0,42.0,1776887642.693
34.0,55.0,34.0,55.0,1776887643.141
34.0,55.0,34.0,55.0,1776887643.153
34.0,55.0,34.0,55.0,1776887643.186
34.0,55.0,34.0,55.0,1776887643.199
34.0,55.0,34.0,55.0,1776887643.215
52.0,74.0,52.0,74.0,1776887643.615
58.0,85.0,58.0,85.0,1776887643.642
58.0,85.0,58.0,85.0,1776887643.654
58.0,85.0,58.0,85.0,1776887643.68
58.0,85.0,58.0,85.0,1776887643.695
54.0,78.0,54.0,78.0,1776887644.142
54.0,78.0,54.0,78.0,1776887644.153
54.0,78.0,54.0,78.0,1776887644.18
54.0,78.0,54.0,78.0,1776887644.193
49.0,66.0,49.0,66.0,1776887644.213
28.0,36.0,28.0,36.0,1776887644.639
28.0,36.0,28.0,36.0,1776887644.658
28.0,36.0,28.0,36.0,1776887644.673
28.0,36.0,28.0,36.0,1776887644.7
23.0,30.0,23.0,30.0,1776887644.713
4.0,-2.0,4.0,-2.0,1776887645.134
4.0,-2.0,4.0,-2.0,1776887645.16
4.0,-2.0,4.0,-2.0,1776887645.173
4.0,-2.0,4.0,-2.0,1776887645.2
4.0,-2.0,4.0,-2.0,1776887645.216
0.0,0.0,0.0,0.0,1776887645.641
0.0,0.0,0.0,0.0,1776887645.653
0.0,0.0,0.0,0.0,1776887645.68
0.0,0.0,0.0,0.0,1776887645.696
0.0,0.0,0.0,0.0,1776887645.722
18.0,15.0,18.0,15.0,1776887646.14
31.0,19.0,31.0,19.0,1776887646.153
31.0,19.0,31.0,19.0,1776887646.18
31.0,19.0,31.0,19.0,1776887646.195
31.0,19.0,31.0,19.0,1776887646.221
40.0,24.0,40.0,24.0,1776887646.642
40.0,24.0,40.0,24.0,1776887646.653
40.0,24.0,40.0,24.0,1776887646.679
40.0,24.0,40.0,24.0,1776887646.693
40.0,24.0,40.0,24.0,1776887646.72
33.0,19.0,33.0,19.0,1776887647.159
33.0,19.0,33.0,19.0,1776887647.174
33.0,19.0,33.0,19.0,1776887647.199
33.0,19.0,33.0,19.0,1776887647.214
33.0,19.0,33.0,19.0,1776887647.233
8.0,4.0,8.0,4.0,1776887647.633
0.0,0.0,0.0,0.0,1776887647.663
0.0,0.0,0.0,0.0,1776887647.674
0.0,0.0,0.0,0.0,1776887647.699
0.0,0.0,0.0,0.0,1776887647.713
9.0,10.0,9.0,10.0,1776887648.14
16.0,19.0,16.0,19.0,1776887648.153
16.0,19.0,16.0,19.0,1776887648.179
16.0,19.0,16.0,19.0,1776887648.193
16.0,19.0,16.0,19.0,1776887648.216
40.0,42.0,40.0,42.0,1776887648.66
50.0,52.0,50.0,52.0,1776887648.674
50.0,52.0,50.0,52.0,1776887648.701
50.0,52.0,50.0,52.0,1776887648.713
50.0,52.0,50.0,52.0,1776887648.74
81.0,79.0,81.0,79.0,1776887649.155
81.0,79.0,81.0,79.0,1776887649.181
81.0,79.0,81.0,79.0,1776887649.193
89.0,87.0,89.0,87.0,1776887649.22
89.0,87.0,89.0,87.0,1776887649.234
105.0,93.0,105.0,93.0,1776887649.659
105.0,93.0,105.0,93.0,1776887649.673
105.0,93.0,105.0,93.0,1776887649.7
105.0,93.0,105.0,93.0,1776887649.714
106.0,96.0,106.0,96.0,1776887649.741
-77.0,-69.0,-77.0,-69.0,1776887650.163
-77.0,-69.0,-77.0,-69.0,1776887650.175
-77.0,-69.0,-77.0,-69.0,1776887650.2
-66.0,-58.0,-66.0,-58.0,1776887650.213
-66.0,-58.0,-66.0,-58.0,1776887650.241
-41.0,-36.0,-41.0,-36.0,1776887650.659
-41.0,-36.0,-41.0,-36.0,1776887650.674
-41.0,-36.0,-41.0,-36.0,1776887650.7
-41.0,-36.0,-41.0,-36.0,1776887650.713
-41.0,-36.0,-41.0,-36.0,1776887650.739
-34.0,-37.0,-34.0,-37.0,1776887651.154
-45.0,-46.0,-45.0,-46.0,1776887651.182
-45.0,-46.0,-45.0,-46.0,1776887651.194
-45.0,-46.0,-45.0,-46.0,1776887651.219
-45.0,-46.0,-45.0,-46.0,1776887651.234
-75.0,-76.0,-75.0,-76.0,1776887651.66
-85.0,-90.0,-85.0,-90.0,1776887651.674
-85.0,-90.0,-85.0,-90.0,1776887651.699
-85.0,-90.0,-85.0,-90.0,1776887651.714
-85.0,-90.0,-85.0,-90.0,1776887651.74
-95.0,-99.0,-95.0,-99.0,1776887652.162
-95.0,-99.0,-95.0,-99.0,1776887652.175
-95.0,-99.0,-95.0,-99.0,1776887652.201
-86.0,-86.0,-86.0,-86.0,1776887652.214
-86.0,-86.0,-86.0,-86.0,1776887652.24
-54.0,63.0,-54.0,63.0,1776887652.66
-54.0,63.0,-54.0,63.0,1776887652.674
-54.0,63.0,-54.0,63.0,1776887652.7
-54.0,63.0,-54.0,63.0,1776887652.729
-54.0,63.0,-54.0,63.0,1776887652.742
15.0,15.0,15.0,15.0,1776887653.155
15.0,15.0,15.0,15.0,1776887653.174
15.0,15.0,15.0,15.0,1776887653.199
15.0,15.0,15.0,15.0,1776887653.216
15.0,15.0,15.0,15.0,1776887653.241
14.0,23.0,14.0,23.0,1776887653.66
14.0,23.0,14.0,23.0,1776887653.674
14.0,23.0,14.0,23.0,1776887653.699
14.0,23.0,14.0,23.0,1776887653.714
14.0,23.0,14.0,23.0,1776887653.74
21.0,37.0,21.0,37.0,1776887654.155
19.0,37.0,19.0,37.0,1776887654.181
19.0,37.0,19.0,37.0,1776887654.194
19.0,37.0,19.0,37.0,1776887654.221
19.0,37.0,19.0,37.0,1776887654.234
19.0,36.0,19.0,36.0,1776887654.654
16.0,29.0,16.0,29.0,1776887654.679
16.0,29.0,16.0,29.0,1776887654.694
16.0,29.0,16.0,29.0,1776887654.719
16.0,29.0,16.0,29.0,1776887654.739
0.0,0.0,0.0,0.0,1776887655.176
0.0,0.0,0.0,0.0,1776887655.203
0.0,0.0,0.0,0.0,1776887655.216
0.0,0.0,0.0,0.0,1776887655.242
0.0,0.0,0.0,0.0,1776887655.254
0.0,0.0,0.0,0.0,1776887655.678
0.0,0.0,0.0,0.0,1776887655.696
0.0,0.0,0.0,0.0,1776887655.722
0.0,0.0,0.0,0.0,1776887655.734
0.0,0.0,0.0,0.0,1776887655.76
0.0,0.0,0.0,0.0,1776887656.177
0.0,0.0,0.0,0.0,1776887656.194
0.0,0.0,0.0,0.0,1776887656.221
0.0,0.0,0.0,0.0,1776887656.234
0.0,0.0,0.0,0.0,1776887656.259
4.0,2.0,4.0,2.0,1776887656.674
4.0,2.0,4.0,2.0,1776887656.694
4.0,2.0,4.0,2.0,1776887656.721
4.0,2.0,4.0,2.0,1776887656.735
4.0,2.0,4.0,2.0,1776887656.761
35.0,27.0,35.0,27.0,1776887657.181
35.0,27.0,35.0,27.0,1776887657.208
35.0,27.0,35.0,27.0,1776887657.218
35.0,27.0,35.0,27.0,1776887657.235
35.0,27.0,35.0,27.0,1776887657.263
68.0,55.0,68.0,55.0,1776887657.68
68.0,55.0,68.0,55.0,1776887657.695
68.0,55.0,68.0,55.0,1776887657.721
68.0,55.0,68.0,55.0,1776887657.737
68.0,55.0,68.0,55.0,1776887657.754
83.0,59.0,83.0,59.0,1776887658.202
83.0,59.0,83.0,59.0,1776887658.214
83.0,59.0,83.0,59.0,1776887658.242
83.0,59.0,83.0,59.0,1776887658.255
83.0,59.0,83.0,59.0,1776887658.281
90.0,49.0,90.0,49.0,1776887658.7
90.0,49.0,90.0,49.0,1776887658.714
90.0,49.0,90.0,49.0,1776887658.739
90.0,49.0,90.0,49.0,1776887658.754
90.0,49.0,90.0,49.0,1776887658.784
48.0,19.0,48.0,19.0,1776887659.71
37.0,-14.0,37.0,-14.0,1776887659.72
37.0,-14.0,37.0,-14.0,1776887659.734
37.0,-14.0,37.0,-14.0,1776887659.762
37.0,-14.0,37.0,-14.0,1776887659.774
11.0,-15.0,11.0,-15.0,1776887660.201
11.0,-15.0,11.0,-15.0,1776887660.222
7.0,-14.0,7.0,-14.0,1776887660.234
7.0,-14.0,7.0,-14.0,1776887660.26
7.0,-14.0,7.0,-14.0,1776887660.274
7.0,-10.0,7.0,-10.0,1776887660.714
7.0,-10.0,7.0,-10.0,1776887660.74
7.0,-10.0,7.0,-10.0,1776887660.754
7.0,-10.0,7.0,-10.0,1776887660.781
7.0,-10.0,7.0,-10.0,1776887660.799
7.0,-3.0,7.0,-3.0,1776887661.216
7.0,-3.0,7.0,-3.0,1776887661.242
6.0,-3.0,6.0,-3.0,1776887661.254
6.0,-3.0,6.0,-3.0,1776887661.282
6.0,-3.0,6.0,-3.0,1776887661.294
3.0,-1.0,3.0,-1.0,1776887661.715
3.0,-1.0,3.0,-1.0,1776887661.742
3.0,-1.0,3.0,-1.0,1776887661.754
3.0,-1.0,3.0,-1.0,1776887661.779
3.0,-1.0,3.0,-1.0,1776887661.794
15.0,10.0,15.0,10.0,1776887662.221
15.0,10.0,15.0,10.0,1776887662.234
15.0,10.0,15.0,10.0,1776887662.262
16.0,12.0,16.0,12.0,1776887662.274
16.0,12.0,16.0,12.0,1776887662.295
42.0,22.0,42.0,22.0,1776887662.714
42.0,22.0,42.0,22.0,1776887662.74
42.0,22.0,42.0,22.0,1776887662.754
42.0,22.0,42.0,22.0,1776887662.781
42.0,22.0,42.0,22.0,1776887662.794
70.0,40.0,70.0,40.0,1776887663.234
70.0,40.0,70.0,40.0,1776887663.262
70.0,40.0,70.0,40.0,1776887663.274
70.0,40.0,70.0,40.0,1776887663.3
70.0,40.0,70.0,40.0,1776887663.314
57.0,35.0,57.0,35.0,1776887663.734
57.0,35.0,57.0,35.0,1776887663.76
57.0,35.0,57.0,35.0,1776887663.775
57.0,35.0,57.0,35.0,1776887663.801
57.0,35.0,57.0,35.0,1776887663.814
31.0,21.0,31.0,21.0,1776887664.234
25.0,21.0,25.0,21.0,1776887664.26
25.0,21.0,25.0,21.0,1776887664.274
25.0,21.0,25.0,21.0,1776887664.302
25.0,21.0,25.0,21.0,1776887664.314
9.0,14.0,9.0,14.0,1776887665.217
9.0,14.0,9.0,14.0,1776887665.234
9.0,14.0,9.0,14.0,1776887665.256
9.0,14.0,9.0,14.0,1776887665.282
9.0,14.0,9.0,14.0,1776887665.296
58.0,49.0,58.0,49.0,1776887665.734
58.0,49.0,58.0,49.0,1776887665.763
58.0,49.0,58.0,49.0,1776887665.776
58.0,49.0,58.0,49.0,1776887665.802
58.0,49.0,58.0,49.0,1776887665.814
88.0,90.0,88.0,90.0,1776887666.234
88.0,90.0,88.0,90.0,1776887666.26
88.0,90.0,88.0,90.0,1776887666.275
88.0,90.0,88.0,90.0,1776887666.294
88.0,90.0,88.0,90.0,1776887666.32
51.0,53.0,51.0,53.0,1776887666.74
51.0,53.0,51.0,53.0,1776887666.754
51.0,53.0,51.0,53.0,1776887666.782
51.0,53.0,51.0,53.0,1776887666.794
51.0,53.0,51.0,53.0,1776887666.82
19.0,27.0,19.0,27.0,1776887667.24
19.0,27.0,19.0,27.0,1776887667.254
9.0,16.0,9.0,16.0,1776887667.28
9.0,16.0,9.0,16.0,1776887667.296
9.0,16.0,9.0,16.0,1776887667.322
1.0,4.0,1.0,4.0,1776887667.742
1.0,4.0,1.0,4.0,1776887667.754
1.0,4.0,1.0,4.0,1776887667.781
6.0,17.0,6.0,17.0,1776887667.794
6.0,17.0,6.0,17.0,1776887667.821
19.0,47.0,19.0,47.0,1776887668.241
19.0,47.0,19.0,47.0,1776887668.255
19.0,47.0,19.0,47.0,1776887668.281
19.0,48.0,19.0,48.0,1776887668.295
19.0,48.0,19.0,48.0,1776887668.321
1.0,-27.0,1.0,-27.0,1776887669.261
1.0,-27.0,1.0,-27.0,1776887669.274
1.0,-27.0,1.0,-27.0,1776887669.3
1.0,-27.0,1.0,-27.0,1776887669.315
0.0,-22.0,0.0,-22.0,1776887669.335
0.0,-18.0,0.0,-18.0,1776887669.734
0.0,-18.0,0.0,-18.0,1776887669.76
0.0,-18.0,0.0,-18.0,1776887669.776
0.0,-18.0,0.0,-18.0,1776887669.801
0.0,-18.0,0.0,-18.0,1776887669.815
0.0,-3.0,0.0,-3.0,1776887670.754
0.0,-3.0,0.0,-3.0,1776887670.782
0.0,-3.0,0.0,-3.0,1776887670.794
0.0,0.0,0.0,0.0,1776887670.82
0.0,0.0,0.0,0.0,1776887670.834
0.0,0.0,0.0,0.0,1776887671.234
0.0,0.0,0.0,0.0,1776887671.261
0.0,0.0,0.0,0.0,1776887671.274
0.0,0.0,0.0,0.0,1776887671.301
0.0,0.0,0.0,0.0,1776887671.315
0.0,0.0,0.0,0.0,1776887671.754
0.0,-4.0,0.0,-4.0,1776887671.78
0.0,-4.0,0.0,-4.0,1776887671.794
0.0,-4.0,0.0,-4.0,1776887671.822
0.0,-4.0,0.0,-4.0,1776887671.834
-6.0,-16.0,-6.0,-16.0,1776887672.255
-6.0,-16.0,-6.0,-16.0,1776887672.281
-6.0,-16.0,-6.0,-16.0,1776887672.294
-6.0,-16.0,-6.0,-16.0,1776887672.32
-6.0,-16.0,-6.0,-16.0,1776887672.336
-6.0,-16.0,-6.0,-16.0,1776887672.761
-6.0,-16.0,-6.0,-16.0,1776887672.774
-6.0,-16.0,-6.0,-16.0,1776887672.8
-6.0,-16.0,-6.0,-16.0,1776887672.821
-6.0,-16.0,-6.0,-16.0,1776887672.834
-3.0,-6.0,-3.0,-6.0,1776887673.262
-3.0,-6.0,-3.0,-6.0,1776887673.274
-3.0,-6.0,-3.0,-6.0,1776887673.3
-3.0,-6.0,-3.0,-6.0,1776887673.314
-3.0,-6.0,-3.0,-6.0,1776887673.334
1.0,7.0,1.0,7.0,1776887673.754
1.0,7.0,1.0,7.0,1776887673.78
1.0,7.0,1.0,7.0,1776887673.796
1.0,7.0,1.0,7.0,1776887673.826
1.0,7.0,1.0,7.0,1776887673.839
1.0,12.0,1.0,12.0,1776887674.255
1.0,12.0,1.0,12.0,1776887674.281
1.0,12.0,1.0,12.0,1776887674.294
1.0,12.0,1.0,12.0,1776887674.32
1.0,12.0,1.0,12.0,1776887674.336
-1.0,2.0,-1.0,2.0,1776887675.28
-1.0,2.0,-1.0,2.0,1776887675.296
-1.0,2.0,-1.0,2.0,1776887675.316
-1.0,2.0,-1.0,2.0,1776887675.342
-1.0,2.0,-1.0,2.0,1776887675.354
-6.0,-12.0,-6.0,-12.0,1776887676.274
-6.0,-12.0,-6.0,-12.0,1776887676.301
-6.0,-12.0,-6.0,-12.0,1776887676.314
-6.0,-12.0,-6.0,-12.0,1776887676.34
-6.0,-12.0,-6.0,-12.0,1776887676.354
-2.0,-7.0,-2.0,-7.0,1776887676.774
-2.0,-7.0,-2.0,-7.0,1776887676.8
-2.0,-7.0,-2.0,-7.0,1776887676.817
-2.0,-7.0,-2.0,-7.0,1776887676.834
-2.0,-7.0,-2.0,-7.0,1776887676.861
-1.0,8.0,-1.0,8.0,1776887677.282
-1.0,8.0,-1.0,8.0,1776887677.296
3.0,14.0,3.0,14.0,1776887677.322
3.0,14.0,3.0,14.0,1776887677.334
3.0,14.0,3.0,14.0,1776887677.36
4.0,27.0,4.0,27.0,1776887677.78
4.0,27.0,4.0,27.0,1776887677.795
4.0,36.0,4.0,36.0,1776887677.817
4.0,36.0,4.0,36.0,1776887677.843
4.0,36.0,4.0,36.0,1776887677.856
4.0,66.0,4.0,66.0,1776887678.274
4.0,66.0,4.0,66.0,1776887678.301
4.0,66.0,4.0,66.0,1776887678.317
4.0,66.0,4.0,66.0,1776887678.337
4.0,66.0,4.0,66.0,1776887678.363
1.0,81.0,1.0,81.0,1776887678.8
1.0,81.0,1.0,81.0,1776887678.815
0.0,84.0,0.0,84.0,1776887678.842
0.0,84.0,0.0,84.0,1776887678.856
0.0,84.0,0.0,84.0,1776887678.874
1.0,61.0,1.0,61.0,1776887679.795
1.0,61.0,1.0,61.0,1776887679.814
1.0,61.0,1.0,61.0,1776887679.841
4.0,51.0,4.0,51.0,1776887679.861
4.0,51.0,4.0,51.0,1776887679.876
19.0,35.0,19.0,35.0,1776887680.295
19.0,35.0,19.0,35.0,1776887680.321
19.0,35.0,19.0,35.0,1776887680.342
28.0,36.0,28.0,36.0,1776887680.355
28.0,36.0,28.0,36.0,1776887680.383
55.0,39.0,55.0,39.0,1776887680.794
55.0,39.0,55.0,39.0,1776887680.82
55.0,39.0,55.0,39.0,1776887680.836
55.0,39.0,55.0,39.0,1776887680.862
55.0,39.0,55.0,39.0,1776887680.882
52.0,39.0,52.0,39.0,1776887681.295
52.0,39.0,52.0,39.0,1776887681.321
52.0,37.0,52.0,37.0,1776887681.335
52.0,37.0,52.0,37.0,1776887681.36
52.0,37.0,52.0,37.0,1776887681.375
28.0,20.0,28.0,20.0,1776887681.795
28.0,20.0,28.0,20.0,1776887681.821
28.0,20.0,28.0,20.0,1776887681.839
28.0,20.0,28.0,20.0,1776887681.856
28.0,20.0,28.0,20.0,1776887681.882
0.0,22.0,0.0,22.0,1776887682.302
0.0,22.0,0.0,22.0,1776887682.315
0.0,22.0,0.0,22.0,1776887682.341
0.0,22.0,0.0,22.0,1776887682.355
0.0,22.0,0.0,22.0,1776887682.381
21.0,49.0,21.0,49.0,1776887682.799
21.0,49.0,21.0,49.0,1776887682.816
30.0,59.0,30.0,59.0,1776887682.841
30.0,59.0,30.0,59.0,1776887682.854
30.0,59.0,30.0,59.0,1776887682.88
60.0,90.0,60.0,90.0,1776887683.322
72.0,102.0,72.0,102.0,1776887683.334
72.0,102.0,72.0,102.0,1776887683.366
72.0,102.0,72.0,102.0,1776887683.379
72.0,102.0,72.0,102.0,1776887683.394
70.0,71.0,70.0,71.0,1776887683.814
63.0,63.0,63.0,63.0,1776887683.84
63.0,63.0,63.0,63.0,1776887683.855
63.0,63.0,63.0,63.0,1776887683.882
63.0,63.0,63.0,63.0,1776887683.894
31.0,32.0,31.0,32.0,1776887684.314
31.0,32.0,31.0,32.0,1776887684.34
20.0,21.0,20.0,21.0,1776887684.355
20.0,21.0,20.0,21.0,1776887684.382
20.0,21.0,20.0,21.0,1776887684.396
12.0,24.0,12.0,24.0,1776887684.816
12.0,24.0,12.0,24.0,1776887684.842
21.0,32.0,21.0,32.0,1776887684.854
21.0,32.0,21.0,32.0,1776887684.88
21.0,32.0,21.0,32.0,1776887684.895
51.0,64.0,51.0,64.0,1776887685.322
51.0,64.0,51.0,64.0,1776887685.334
51.0,64.0,51.0,64.0,1776887685.361
61.0,72.0,61.0,72.0,1776887685.383
61.0,72.0,61.0,72.0,1776887685.394
61.0,60.0,61.0,60.0,1776887685.823
61.0,60.0,61.0,60.0,1776887685.837
61.0,60.0,61.0,60.0,1776887685.863
61.0,60.0,61.0,60.0,1776887685.874
61.0,60.0,61.0,60.0,1776887685.901
32.0,30.0,32.0,30.0,1776887686.322
32.0,30.0,32.0,30.0,1776887686.336
32.0,30.0,32.0,30.0,1776887686.362
32.0,30.0,32.0,30.0,1776887686.374
32.0,30.0,32.0,30.0,1776887686.4
0.0,0.0,0.0,0.0,1776887686.82
0.0,0.0,0.0,0.0,1776887686.835
0.0,0.0,0.0,0.0,1776887686.861
0.0,0.0,0.0,0.0,1776887686.874
0.0,0.0,0.0,0.0,1776887686.9
0.0,1.0,0.0,1.0,1776887687.322
0.0,1.0,0.0,1.0,1776887687.334
0.0,1.0,0.0,1.0,1776887687.363
0.0,1.0,0.0,1.0,1776887687.376
0.0,1.0,0.0,1.0,1776887687.402
2.0,6.0,2.0,6.0,1776887687.84
6.0,8.0,6.0,8.0,1776887687.862
6.0,8.0,6.0,8.0,1776887687.874
6.0,8.0,6.0,8.0,1776887687.9
6.0,8.0,6.0,8.0,1776887687.914
21.0,31.0,21.0,31.0,1776887688.321
21.0,31.0,21.0,31.0,1776887688.337
21.0,31.0,21.0,31.0,1776887688.365
21.0,31.0,21.0,31.0,1776887688.376
21.0,31.0,21.0,31.0,1776887688.394
39.0,58.0,39.0,58.0,1776887688.841
39.0,58.0,39.0,58.0,1776887688.854
39.0,58.0,39.0,58.0,1776887688.889
39.0,58.0,39.0,58.0,1776887688.9
39.0,58.0,39.0,58.0,1776887688.916
37.0,57.0,37.0,57.0,1776887689.335
37.0,57.0,37.0,57.0,1776887689.36
33.0,50.0,33.0,50.0,1776887689.375
33.0,50.0,33.0,50.0,1776887689.401
33.0,50.0,33.0,50.0,1776887689.415
46.0,54.0,46.0,54.0,1776887689.84
47.0,58.0,47.0,58.0,1776887689.857
47.0,58.0,47.0,58.0,1776887689.883
47.0,58.0,47.0,58.0,1776887689.894
47.0,58.0,47.0,58.0,1776887689.92
66.0,82.0,66.0,82.0,1776887690.34
66.0,82.0,66.0,82.0,1776887690.354
66.0,82.0,66.0,82.0,1776887690.38
74.0,93.0,74.0,93.0,1776887690.401
74.0,93.0,74.0,93.0,1776887690.416
60.0,81.0,60.0,81.0,1776887690.843
60.0,81.0,60.0,81.0,1776887690.854
60.0,81.0,60.0,81.0,1776887690.88
60.0,81.0,60.0,81.0,1776887690.903
60.0,81.0,60.0,81.0,1776887690.915
-36.0,46.0,-36.0,46.0,1776887691.336
-36.0,46.0,-36.0,46.0,1776887691.364
-27.0,32.0,-27.0,32.0,1776887691.376
-27.0,32.0,-27.0,32.0,1776887691.401
-27.0,32.0,-27.0,32.0,1776887691.414
0.0,0.0,0.0,0.0,1776887691.843
0.0,0.0,0.0,0.0,1776887691.856
0.0,0.0,0.0,0.0,1776887691.883
0.0,0.0,0.0,0.0,1776887691.895
0.0,0.0,0.0,0.0,1776887691.92
6.0,10.0,6.0,10.0,1776887692.341
6.0,10.0,6.0,10.0,1776887692.356
6.0,10.0,6.0,10.0,1776887692.374
6.0,10.0,6.0,10.0,1776887692.4
6.0,10.0,6.0,10.0,1776887692.416
6.0,10.0,6.0,10.0,1776887692.855
6.0,10.0,6.0,10.0,1776887692.881
6.0,10.0,6.0,10.0,1776887692.895
6.0,10.0,6.0,10.0,1776887692.921
6.0,10.0,6.0,10.0,1776887692.935
10.0,15.0,10.0,15.0,1776887693.341
10.0,15.0,10.0,15.0,1776887693.362
19.0,24.0,19.0,24.0,1776887693.376
19.0,24.0,19.0,24.0,1776887693.402
19.0,24.0,19.0,24.0,1776887693.414
38.0,36.0,38.0,36.0,1776887693.841
38.0,36.0,38.0,36.0,1776887693.859
38.0,36.0,38.0,36.0,1776887693.875
38.0,36.0,38.0,36.0,1776887693.901
46.0,47.0,46.0,47.0,1776887693.915
73.0,81.0,73.0,81.0,1776887694.362
73.0,81.0,73.0,81.0,1776887694.375
73.0,81.0,73.0,81.0,1776887694.401
73.0,81.0,73.0,81.0,1776887694.416
89.0,97.0,89.0,97.0,1776887694.442
90.0,82.0,90.0,82.0,1776887694.855
90.0,82.0,90.0,82.0,1776887694.882
90.0,82.0,90.0,82.0,1776887694.896
90.0,82.0,90.0,82.0,1776887694.922
90.0,82.0,90.0,82.0,1776887694.935
100.0,58.0,100.0,58.0,1776887695.36
100.0,58.0,100.0,58.0,1776887695.375
100.0,45.0,100.0,45.0,1776887695.401
100.0,45.0,100.0,45.0,1776887695.415
100.0,45.0,100.0,45.0,1776887695.436
114.0,6.0,114.0,6.0,1776887695.876
114.0,6.0,114.0,6.0,1776887695.902
114.0,6.0,114.0,6.0,1776887695.917
107.0,1.0,107.0,1.0,1776887695.942
107.0,1.0,107.0,1.0,1776887695.955
78.0,0.0,78.0,0.0,1776887696.375
78.0,0.0,78.0,0.0,1776887696.401
78.0,0.0,78.0,0.0,1776887696.416
66.0,0.0,66.0,0.0,1776887696.442
66.0,0.0,66.0,0.0,1776887696.455
44.0,0.0,44.0,0.0,1776887696.856
44.0,0.0,44.0,0.0,1776887696.884
44.0,0.0,44.0,0.0,1776887696.896
44.0,0.0,44.0,0.0,1776887696.921
44.0,0.0,44.0,0.0,1776887696.935
-27.0,-16.0,-27.0,-16.0,1776887697.38
-27.0,-16.0,-27.0,-16.0,1776887697.395
-27.0,-16.0,-27.0,-16.0,1776887697.421
-27.0,-16.0,-27.0,-16.0,1776887697.435
-34.0,-22.0,-34.0,-22.0,1776887697.459
-63.0,-43.0,-63.0,-43.0,1776887697.881
-63.0,-43.0,-63.0,-43.0,1776887697.899
-63.0,-43.0,-63.0,-43.0,1776887697.915
-63.0,-43.0,-63.0,-43.0,1776887697.941
-63.0,-43.0,-63.0,-43.0,1776887697.955
-92.0,-64.0,-92.0,-64.0,1776887698.375
-92.0,-64.0,-92.0,-64.0,1776887698.401
-92.0,-64.0,-92.0,-64.0,1776887698.416
-92.0,-64.0,-92.0,-64.0,1776887698.442
-92.0,-64.0,-92.0,-64.0,1776887698.455
-74.0,-52.0,-74.0,-52.0,1776887698.881
-65.0,-46.0,-65.0,-46.0,1776887698.898
-65.0,-46.0,-65.0,-46.0,1776887698.918
-65.0,-46.0,-65.0,-46.0,1776887698.935
-65.0,-46.0,-65.0,-46.0,1776887698.96
-36.0,-24.0,-36.0,-24.0,1776887699.377
-36.0,-24.0,-36.0,-24.0,1776887699.403
-28.0,-19.0,-28.0,-19.0,1776887699.415
-28.0,-19.0,-28.0,-19.0,1776887699.442
-28.0,-19.0,-28.0,-19.0,1776887699.457
1.0,1.0,1.0,1.0,1776887699.895
1.0,1.0,1.0,1.0,1776887699.922
1.0,1.0,1.0,1.0,1776887699.935
1.0,1.0,1.0,1.0,1776887699.961
1.0,1.0,1.0,1.0,1776887699.975
29.0,27.0,29.0,27.0,1776887700.381
29.0,27.0,29.0,27.0,1776887700.396
29.0,27.0,29.0,27.0,1776887700.422
29.0,27.0,29.0,27.0,1776887700.435
40.0,38.0,40.0,38.0,1776887700.467
72.0,66.0,72.0,66.0,1776887700.901
72.0,66.0,72.0,66.0,1776887700.915
72.0,66.0,72.0,66.0,1776887700.942
72.0,66.0,72.0,66.0,1776887700.955
84.0,77.0,84.0,77.0,1776887700.98
103.0,99.0,103.0,99.0,1776887701.401
103.0,99.0,103.0,99.0,1776887701.415
103.0,99.0,103.0,99.0,1776887701.441
103.0,99.0,103.0,99.0,1776887701.46
103.0,99.0,103.0,99.0,1776887701.475
105.0,108.0,105.0,108.0,1776887701.903
108.0,112.0,108.0,112.0,1776887701.915
108.0,112.0,108.0,112.0,1776887701.94
108.0,112.0,108.0,112.0,1776887701.955
108.0,112.0,108.0,112.0,1776887701.981
94.0,97.0,94.0,97.0,1776887702.402
94.0,97.0,94.0,97.0,1776887702.417
94.0,97.0,94.0,97.0,1776887702.446
94.0,97.0,94.0,97.0,1776887702.457
94.0,97.0,94.0,97.0,1776887702.483
87.0,77.0,87.0,77.0,1776887702.901
87.0,77.0,87.0,77.0,1776887702.915
87.0,77.0,87.0,77.0,1776887702.942
81.0,66.0,81.0,66.0,1776887702.961
81.0,66.0,81.0,66.0,1776887702.976
58.0,-40.0,58.0,-40.0,1776887703.395
51.0,-35.0,51.0,-35.0,1776887703.422
51.0,-35.0,51.0,-35.0,1776887703.435
51.0,-35.0,51.0,-35.0,1776887703.461
51.0,-35.0,51.0,-35.0,1776887703.475
21.0,-12.0,21.0,-12.0,1776887703.895
21.0,-12.0,21.0,-12.0,1776887703.921
21.0,-12.0,21.0,-12.0,1776887703.936
21.0,-12.0,21.0,-12.0,1776887703.962
21.0,-12.0,21.0,-12.0,1776887703.975
9.0,-2.0,9.0,-2.0,1776887704.402
9.0,-2.0,9.0,-2.0,1776887704.416
9.0,-2.0,9.0,-2.0,1776887704.443
9.0,-2.0,9.0,-2.0,1776887704.455
9.0,-2.0,9.0,-2.0,1776887704.481
16.0,-6.0,16.0,-6.0,1776887704.915
22.0,-7.0,22.0,-7.0,1776887704.941
22.0,-7.0,22.0,-7.0,1776887704.955
22.0,-7.0,22.0,-7.0,1776887704.981
22.0,-7.0,22.0,-7.0,1776887704.995
27.0,-10.0,27.0,-10.0,1776887705.419
27.0,-10.0,27.0,-10.0,1776887705.435
24.0,-10.0,24.0,-10.0,1776887705.461
24.0,-10.0,24.0,-10.0,1776887705.475
24.0,-10.0,24.0,-10.0,1776887705.496
19.0,9.0,19.0,9.0,1776887705.915
19.0,9.0,19.0,9.0,1776887705.941
19.0,9.0,19.0,9.0,1776887705.955
15.0,7.0,15.0,7.0,1776887705.975
15.0,7.0,15.0,7.0,1776887706.001
31.0,27.0,31.0,27.0,1776887706.416
31.0,27.0,31.0,27.0,1776887706.442
31.0,27.0,31.0,27.0,1776887706.455
31.0,27.0,31.0,27.0,1776887706.479
39.0,39.0,39.0,39.0,1776887706.498
85.0,96.0,85.0,96.0,1776887706.922
85.0,96.0,85.0,96.0,1776887706.935
85.0,96.0,85.0,96.0,1776887706.961
85.0,96.0,85.0,96.0,1776887706.975
85.0,96.0,85.0,96.0,1776887707.001
129.0,149.0,129.0,149.0,1776887707.415
129.0,149.0,129.0,149.0,1776887707.441
129.0,149.0,129.0,149.0,1776887707.456
129.0,149.0,129.0,149.0,1776887707.482
129.0,149.0,129.0,149.0,1776887707.495
129.0,138.0,129.0,138.0,1776887707.921
129.0,138.0,129.0,138.0,1776887707.935
129.0,138.0,129.0,138.0,1776887707.961
129.0,138.0,129.0,138.0,1776887707.975
129.0,138.0,129.0,138.0,1776887708.002
114.0,115.0,114.0,115.0,1776887708.416
114.0,115.0,114.0,115.0,1776887708.442
114.0,115.0,114.0,115.0,1776887708.455
114.0,115.0,114.0,115.0,1776887708.481
114.0,115.0,114.0,115.0,1776887708.496
75.0,77.0,75.0,77.0,1776887708.915
75.0,77.0,75.0,77.0,1776887708.941
75.0,77.0,75.0,77.0,1776887708.958
75.0,77.0,75.0,77.0,1776887708.976
75.0,77.0,75.0,77.0,1776887709.001
42.0,44.0,42.0,44.0,1776887709.415
42.0,44.0,42.0,44.0,1776887709.441
30.0,30.0,30.0,30.0,1776887709.458
30.0,30.0,30.0,30.0,1776887709.475
30.0,30.0,30.0,30.0,1776887709.495
15.0,3.0,15.0,3.0,1776887709.921
15.0,3.0,15.0,3.0,1776887709.936
15.0,3.0,15.0,3.0,1776887709.962
22.0,7.0,22.0,7.0,1776887709.975
22.0,7.0,22.0,7.0,1776887710.001
46.0,30.0,46.0,30.0,1776887710.442
46.0,30.0,46.0,30.0,1776887710.455
46.0,30.0,46.0,30.0,1776887710.481
46.0,30.0,46.0,30.0,1776887710.502
46.0,30.0,46.0,30.0,1776887710.515
82.0,52.0,82.0,52.0,1776887710.935
82.0,52.0,82.0,52.0,1776887710.961
82.0,52.0,82.0,52.0,1776887710.976
82.0,52.0,82.0,52.0,1776887711.002
87.0,55.0,87.0,55.0,1776887711.015
99.0,61.0,99.0,61.0,1776887711.441
99.0,61.0,99.0,61.0,1776887711.456
99.0,61.0,99.0,61.0,1776887711.482
99.0,61.0,99.0,61.0,1776887711.495
96.0,61.0,96.0,61.0,1776887711.521
73.0,49.0,73.0,49.0,1776887711.936
73.0,49.0,73.0,49.0,1776887711.963
73.0,49.0,73.0,49.0,1776887711.975
73.0,49.0,73.0,49.0,1776887712.001
73.0,49.0,73.0,49.0,1776887712.015
36.0,22.0,36.0,22.0,1776887712.435
36.0,22.0,36.0,22.0,1776887712.461
36.0,22.0,36.0,22.0,1776887712.475
36.0,22.0,36.0,22.0,1776887712.495
36.0,22.0,36.0,22.0,1776887712.521
6.0,5.0,6.0,5.0,1776887712.935
0.0,0.0,0.0,0.0,1776887712.961
0.0,0.0,0.0,0.0,1776887712.976
0.0,0.0,0.0,0.0,1776887713.002
0.0,0.0,0.0,0.0,1776887713.015
3.0,0.0,3.0,0.0,1776887713.441
3.0,0.0,3.0,0.0,1776887713.456
3.0,0.0,3.0,0.0,1776887713.484
8.0,6.0,8.0,6.0,1776887713.495
8.0,6.0,8.0,6.0,1776887713.521
41.0,28.0,41.0,28.0,1776887713.955
41.0,28.0,41.0,28.0,1776887713.981
41.0,28.0,41.0,28.0,1776887713.995
52.0,33.0,52.0,33.0,1776887714.024
52.0,33.0,52.0,33.0,1776887714.035
84.0,71.0,84.0,71.0,1776887714.455
84.0,71.0,84.0,71.0,1776887714.483
84.0,71.0,84.0,71.0,1776887714.496
84.0,71.0,84.0,71.0,1776887714.522
84.0,71.0,84.0,71.0,1776887714.535
113.0,99.0,113.0,99.0,1776887714.955
113.0,99.0,113.0,99.0,1776887714.981
113.0,99.0,113.0,99.0,1776887714.995
113.0,99.0,113.0,99.0,1776887715.021
113.0,99.0,113.0,99.0,1776887715.038
113.0,111.0,113.0,111.0,1776887715.456
113.0,111.0,113.0,111.0,1776887715.482
113.0,111.0,113.0,111.0,1776887715.495
113.0,111.0,113.0,111.0,1776887715.521
113.0,111.0,113.0,111.0,1776887715.542
108.0,112.0,108.0,112.0,1776887715.962
108.0,112.0,108.0,112.0,1776887715.975
109.0,117.0,109.0,117.0,1776887716.002
109.0,117.0,109.0,117.0,1776887716.021
109.0,117.0,109.0,117.0,1776887716.037
71.0,90.0,71.0,90.0,1776887716.455
71.0,90.0,71.0,90.0,1776887716.481
60.0,81.0,60.0,81.0,1776887716.495
60.0,81.0,60.0,81.0,1776887716.521
60.0,81.0,60.0,81.0,1776887716.535
32.0,47.0,32.0,47.0,1776887716.961
32.0,47.0,32.0,47.0,1776887716.975
22.0,33.0,22.0,33.0,1776887717.001
22.0,33.0,22.0,33.0,1776887717.015
22.0,33.0,22.0,33.0,1776887717.041
0.0,0.0,0.0,0.0,1776887717.457
0.0,0.0,0.0,0.0,1776887717.486
0.0,0.0,0.0,0.0,1776887717.497
0.0,0.0,0.0,0.0,1776887717.523
0.0,0.0,0.0,0.0,1776887717.536
0.0,0.0,0.0,0.0,1776887717.955
0.0,0.0,0.0,0.0,1776887717.981
0.0,0.0,0.0,0.0,1776887717.996
0.0,0.0,0.0,0.0,1776887718.023
0.0,0.0,0.0,0.0,1776887718.035
0.0,0.0,0.0,0.0,1776887718.455
0.0,0.0,0.0,0.0,1776887718.481
0.0,0.0,0.0,0.0,1776887718.499
0.0,0.0,0.0,0.0,1776887718.515
0.0,0.0,0.0,0.0,1776887718.541
0.0,0.0,0.0,0.0,1776887718.962
0.0,0.0,0.0,0.0,1776887718.976
0.0,0.0,0.0,0.0,1776887719.002
0.0,0.0,0.0,0.0,1776887719.015
0.0,0.0,0.0,0.0,1776887719.041
0.0,0.0,0.0,0.0,1776887719.455
0.0,0.0,0.0,0.0,1776887719.481
0.0,0.0,0.0,0.0,1776887719.495
0.0,0.0,0.0,0.0,1776887719.522
0.0,0.0,0.0,0.0,1776887719.536
0.0,0.0,0.0,0.0,1776887719.975
0.0,0.0,0.0,0.0,1776887720.001
0.0,0.0,0.0,0.0,1776887720.015
0.0,0.0,0.0,0.0,1776887720.041
0.0,0.0,0.0,0.0,1776887720.055
0.0,0.0,0.0,0.0,1776887720.461
0.0,0.0,0.0,0.0,1776887720.475
0.0,0.0,0.0,0.0,1776887720.5
0.0,0.0,0.0,0.0,1776887720.515
0.0,0.0,0.0,0.0,1776887720.544
0.0,0.0,0.0,0.0,1776887720.976
0.0,0.0,0.0,0.0,1776887721.002
0.0,0.0,0.0,0.0,1776887721.015
0.0,0.0,0.0,0.0,1776887721.042
0.0,0.0,0.0,0.0,1776887721.056
0.0,0.0,0.0,0.0,1776887721.475
0.0,0.0,0.0,0.0,1776887721.502
0.0,0.0,0.0,0.0,1776887721.526
0.0,0.0,0.0,0.0,1776887721.538
0.0,0.0,0.0,0.0,1776887721.555
0.0,0.0,0.0,0.0,1776887721.975
0.0,0.0,0.0,0.0,1776887722.001
0.0,0.0,0.0,0.0,1776887722.016
0.0,0.0,0.0,0.0,1776887722.036
0.0,0.0,0.0,0.0,1776887722.061
0.0,0.0,0.0,0.0,1776887722.479
0.0,0.0,0.0,0.0,1776887722.496
0.0,0.0,0.0,0.0,1776887722.523
0.0,0.0,0.0,0.0,1776887722.535
0.0,0.0,0.0,0.0,1776887722.563
0.0,0.0,0.0,0.0,1776887722.976
0.0,0.0,0.0,0.0,1776887722.995
0.0,0.0,0.0,0.0,1776887723.021
0.0,0.0,0.0,0.0,1776887723.036
0.0,0.0,0.0,0.0,1776887723.063
0.0,0.0,0.0,0.0,1776887723.482
0.0,0.0,0.0,0.0,1776887723.495
0.0,0.0,0.0,0.0,1776887723.523
0.0,0.0,0.0,0.0,1776887723.537
0.0,0.0,0.0,0.0,1776887723.563
0.0,0.0,0.0,0.0,1776887723.975
0.0,0.0,0.0,0.0,1776887724.005
0.0,0.0,0.0,0.0,1776887724.019
0.0,0.0,0.0,0.0,1776887724.035
0.0,0.0,0.0,0.0,1776887724.061
0.0,0.0,0.0,0.0,1776887724.481
0.0,0.0,0.0,0.0,1776887724.497
0.0,0.0,0.0,0.0,1776887724.523
0.0,0.0,0.0,0.0,1776887724.535
0.0,0.0,0.0,0.0,1776887724.562
0.0,0.0,0.0,0.0,1776887724.98
0.0,0.0,0.0,0.0,1776887724.995
0.0,0.0,0.0,0.0,1776887725.016
0.0,0.0,0.0,0.0,1776887725.041
0.0,0.0,0.0,0.0,1776887725.055
0.0,0.0,0.0,0.0,1776887725.475
0.0,0.0,0.0,0.0,1776887725.501
0.0,0.0,0.0,0.0,1776887725.516
0.0,0.0,0.0,0.0,1776887725.543
0.0,0.0,0.0,0.0,1776887725.555
0.0,0.0,0.0,0.0,1776887725.975
0.0,0.0,0.0,0.0,1776887726.001
0.0,0.0,0.0,0.0,1776887726.015
0.0,0.0,0.0,0.0,1776887726.041
0.0,0.0,0.0,0.0,1776887726.055
0.0,0.0,0.0,0.0,1776887726.475
0.0,0.0,0.0,0.0,1776887726.501
0.0,0.0,0.0,0.0,1776887726.516
0.0,0.0,0.0,0.0,1776887726.548
0.0,0.0,0.0,0.0,1776887726.559
0.0,0.0,0.0,0.0,1776887726.996
0.0,0.0,0.0,0.0,1776887727.022
0.0,0.0,0.0,0.0,1776887727.036
0.0,0.0,0.0,0.0,1776887727.062
0.0,0.0,0.0,0.0,1776887727.076
0.0,0.0,0.0,0.0,1776887727.501
0.0,0.0,0.0,0.0,1776887727.515
0.0,0.0,0.0,0.0,1776887727.541
0.0,0.0,0.0,0.0,1776887727.556
0.0,0.0,0.0,0.0,1776887727.575
0.0,0.0,0.0,0.0,1776887728.002
0.0,0.0,0.0,0.0,1776887728.017
0.0,0.0,0.0,0.0,1776887728.043
0.0,0.0,0.0,0.0,1776887728.055
0.0,0.0,0.0,0.0,1776887728.082
0.0,0.0,0.0,0.0,1776887728.504
0.0,0.0,0.0,0.0,1776887728.515
0.0,0.0,0.0,0.0,1776887728.541
0.0,0.0,0.0,0.0,1776887728.561
0.0,0.0,0.0,0.0,1776887728.576
0.0,0.0,0.0,0.0,1776887729.011
0.0,0.0,0.0,0.0,1776887729.021
0.0,0.0,0.0,0.0,1776887729.036
0.0,0.0,0.0,0.0,1776887729.061
0.0,0.0,0.0,0.0,1776887729.075
0.0,0.0,0.0,0.0,1776887729.501
0.0,0.0,0.0,0.0,1776887729.519
0.0,0.0,0.0,0.0,1776887729.536
0.0,0.0,0.0,0.0,1776887729.562
0.0,0.0,0.0,0.0,1776887729.575
0.0,0.0,0.0,0.0,1776887730.002
0.0,0.0,0.0,0.0,1776887730.017
0.0,0.0,0.0,0.0,1776887730.043
0.0,0.0,0.0,0.0,1776887730.055
0.0,0.0,0.0,0.0,1776887730.081
0.0,0.0,0.0,0.0,1776887730.496
0.0,0.0,0.0,0.0,1776887730.522
0.0,0.0,0.0,0.0,1776887730.535
0.0,0.0,0.0,0.0,1776887730.561
0.0,0.0,0.0,0.0,1776887730.575
0.0,0.0,0.0,0.0,1776887730.996
0.0,0.0,0.0,0.0,1776887731.021
0.0,0.0,0.0,0.0,1776887731.04
0.0,0.0,0.0,0.0,1776887731.056
0.0,0.0,0.0,0.0,1776887731.082
0.0,0.0,0.0,0.0,1776887731.496
0.0,0.0,0.0,0.0,1776887731.521
0.0,0.0,0.0,0.0,1776887731.535
0.0,0.0,0.0,0.0,1776887731.562
0.0,0.0,0.0,0.0,1776887731.576
0.0,0.0,0.0,0.0,1776887732.017
0.0,0.0,0.0,0.0,1776887732.043
0.0,0.0,0.0,0.0,1776887732.055
0.0,0.0,0.0,0.0,1776887732.082
0.0,0.0,0.0,0.0,1776887732.097
0.0,0.0,0.0,0.0,1776887732.524
0.0,0.0,0.0,0.0,1776887732.535
0.0,0.0,0.0,0.0,1776887732.561
0.0,0.0,0.0,0.0,1776887732.579
0.0,0.0,0.0,0.0,1776887732.596
0.0,0.0,0.0,0.0,1776887733.023
0.0,0.0,0.0,0.0,1776887733.042
0.0,0.0,0.0,0.0,1776887733.056
0.0,0.0,0.0,0.0,1776887733.082
0.0,0.0,0.0,0.0,1776887733.095
0.0,0.0,0.0,0.0,1776887733.516
0.0,0.0,0.0,0.0,1776887733.542
0.0,0.0,0.0,0.0,1776887733.556
0.0,0.0,0.0,0.0,1776887733.582
0.0,0.0,0.0,0.0,1776887733.599
0.0,0.0,0.0,0.0,1776887734.016
0.0,0.0,0.0,0.0,1776887734.043
0.0,0.0,0.0,0.0,1776887734.056
0.0,0.0,0.0,0.0,1776887734.083
0.0,0.0,0.0,0.0,1776887734.096
0.0,0.0,0.0,0.0,1776887734.522
0.0,0.0,0.0,0.0,1776887734.536
0.0,0.0,0.0,0.0,1776887734.561
0.0,0.0,0.0,0.0,1776887734.579
0.0,0.0,0.0,0.0,1776887734.596
0.0,0.0,0.0,0.0,1776887735.016
0.0,0.0,0.0,0.0,1776887735.041
0.0,0.0,0.0,0.0,1776887735.059
0.0,0.0,0.0,0.0,1776887735.076
0.0,0.0,0.0,0.0,1776887735.102
0.0,0.0,0.0,0.0,1776887735.523
0.0,0.0,0.0,0.0,1776887735.536
0.0,0.0,0.0,0.0,1776887735.562
0.0,0.0,0.0,0.0,1776887735.576
0.0,0.0,0.0,0.0,1776887735.602
0.0,0.0,0.0,0.0,1776887736.016
0.0,0.0,0.0,0.0,1776887736.046
0.0,0.0,0.0,0.0,1776887736.057
0.0,0.0,0.0,0.0,1776887736.083
0.0,0.0,0.0,0.0,1776887736.096
0.0,0.0,0.0,0.0,1776887736.543
0.0,0.0,0.0,0.0,1776887736.559
0.0,0.0,0.0,0.0,1776887736.576
0.0,0.0,0.0,0.0,1776887736.603
0.0,0.0,0.0,0.0,1776887736.616
0.0,0.0,0.0,0.0,1776887737.041
0.0,0.0,0.0,0.0,1776887737.057
0.0,0.0,0.0,0.0,1776887737.079
0.0,0.0,0.0,0.0,1776887737.096
0.0,0.0,0.0,0.0,1776887737.122
0.0,0.0,0.0,0.0,1776887737.536
0.0,0.0,0.0,0.0,1776887737.562
0.0,0.0,0.0,0.0,1776887737.576
0.0,0.0,0.0,0.0,1776887737.602
0.0,0.0,0.0,0.0,1776887737.617
0.0,0.0,0.0,0.0,1776887738.041
0.0,0.0,0.0,0.0,1776887738.056
0.0,0.0,0.0,0.0,1776887738.082
0.0,0.0,0.0,0.0,1776887738.102
0.0,0.0,0.0,0.0,1776887738.116
1.0,0.0,1.0,0.0,1776887738.537
1.0,0.0,1.0,0.0,1776887738.563
6.0,5.0,6.0,5.0,1776887738.576
6.0,5.0,6.0,5.0,1776887738.602
6.0,5.0,6.0,5.0,1776887738.616
36.0,31.0,36.0,31.0,1776887739.022
36.0,31.0,36.0,31.0,1776887739.036
36.0,31.0,36.0,31.0,1776887739.064
36.0,31.0,36.0,31.0,1776887739.076
47.0,45.0,47.0,45.0,1776887739.104
73.0,71.0,73.0,71.0,1776887739.536
73.0,71.0,73.0,71.0,1776887739.562
80.0,79.0,80.0,79.0,1776887739.576
80.0,79.0,80.0,79.0,1776887739.602
80.0,79.0,80.0,79.0,1776887739.616
82.0,88.0,82.0,88.0,1776887740.042
82.0,88.0,82.0,88.0,1776887740.056
82.0,88.0,82.0,88.0,1776887740.082
82.0,88.0,82.0,88.0,1776887740.096
77.0,88.0,77.0,88.0,1776887740.126
75.0,92.0,75.0,92.0,1776887740.539
75.0,92.0,75.0,92.0,1776887740.559
75.0,92.0,75.0,92.0,1776887740.577
75.0,92.0,75.0,92.0,1776887740.596
76.0,90.0,76.0,90.0,1776887740.622
90.0,107.0,90.0,107.0,1776887741.057
90.0,107.0,90.0,107.0,1776887741.083
90.0,107.0,90.0,107.0,1776887741.097
90.0,107.0,90.0,107.0,1776887741.124
90.0,107.0,90.0,107.0,1776887741.136
101.0,104.0,101.0,104.0,1776887741.556
101.0,104.0,101.0,104.0,1776887741.582
101.0,104.0,101.0,104.0,1776887741.597
101.0,104.0,101.0,104.0,1776887741.622
101.0,104.0,101.0,104.0,1776887741.636
96.0,91.0,96.0,91.0,1776887742.043
94.0,85.0,94.0,85.0,1776887742.056
94.0,85.0,94.0,85.0,1776887742.081
94.0,85.0,94.0,85.0,1776887742.096
94.0,85.0,94.0,85.0,1776887742.122
84.0,66.0,84.0,66.0,1776887742.559
85.0,65.0,85.0,65.0,1776887742.579
85.0,65.0,85.0,65.0,1776887742.596
85.0,65.0,85.0,65.0,1776887742.621
85.0,65.0,85.0,65.0,1776887742.639
87.0,66.0,87.0,66.0,1776887743.056
87.0,66.0,87.0,66.0,1776887743.082
87.0,67.0,87.0,67.0,1776887743.096
87.0,67.0,87.0,67.0,1776887743.122
87.0,67.0,87.0,67.0,1776887743.138
91.0,69.0,91.0,69.0,1776887743.556
91.0,69.0,91.0,69.0,1776887743.583
91.0,69.0,91.0,69.0,1776887743.599
91.0,69.0,91.0,69.0,1776887743.617
90.0,75.0,90.0,75.0,1776887743.642
82.0,90.0,82.0,90.0,1776887744.068
82.0,90.0,82.0,90.0,1776887744.079
82.0,90.0,82.0,90.0,1776887744.096
82.0,90.0,82.0,90.0,1776887744.116
80.0,102.0,80.0,102.0,1776887744.142
70.0,129.0,70.0,129.0,1776887744.563
70.0,129.0,70.0,129.0,1776887744.577
70.0,129.0,70.0,129.0,1776887744.603
70.0,129.0,70.0,129.0,1776887744.617
70.0,129.0,70.0,129.0,1776887744.643
63.0,137.0,63.0,137.0,1776887745.058
63.0,137.0,63.0,137.0,1776887745.076
63.0,137.0,63.0,137.0,1776887745.102
63.0,137.0,63.0,137.0,1776887745.119
63.0,137.0,63.0,137.0,1776887745.144
65.0,114.0,65.0,114.0,1776887745.556
66.0,106.0,66.0,106.0,1776887745.584
66.0,106.0,66.0,106.0,1776887745.6
66.0,106.0,66.0,106.0,1776887745.616
66.0,106.0,66.0,106.0,1776887745.65
27.0,88.0,27.0,88.0,1776887746.062
27.0,88.0,27.0,88.0,1776887746.079
27.0,88.0,27.0,88.0,1776887746.097
27.0,88.0,27.0,88.0,1776887746.123
27.0,88.0,27.0,88.0,1776887746.136
18.0,87.0,18.0,87.0,1776887746.557
-14.0,81.0,-14.0,81.0,1776887746.582
-14.0,81.0,-14.0,81.0,1776887746.596
-14.0,81.0,-14.0,81.0,1776887746.623
-14.0,81.0,-14.0,81.0,1776887746.639
-10.0,-80.0,-10.0,-80.0,1776887747.076
-10.0,-80.0,-10.0,-80.0,1776887747.104
-14.0,-86.0,-14.0,-86.0,1776887747.12
-14.0,-86.0,-14.0,-86.0,1776887747.137
-14.0,-86.0,-14.0,-86.0,1776887747.162
-15.0,-106.0,-15.0,-106.0,1776887747.576
-15.0,-106.0,-15.0,-106.0,1776887747.602
-15.0,-106.0,-15.0,-106.0,1776887747.616
-15.0,-106.0,-15.0,-106.0,1776887747.648
-15.0,-112.0,-15.0,-112.0,1776887747.659
-12.0,-140.0,-12.0,-140.0,1776887748.082
-12.0,-140.0,-12.0,-140.0,1776887748.096
-12.0,-140.0,-12.0,-140.0,1776887748.122
-12.0,-140.0,-12.0,-140.0,1776887748.136
-9.0,-147.0,-9.0,-147.0,1776887748.162
0.0,-139.0,0.0,-139.0,1776887748.576
0.0,-139.0,0.0,-139.0,1776887748.604
0.0,-139.0,0.0,-139.0,1776887748.616
0.0,-139.0,0.0,-139.0,1776887748.642
0.0,-139.0,0.0,-139.0,1776887748.66
1.0,-95.0,1.0,-95.0,1776887749.096
1.0,-95.0,1.0,-95.0,1776887749.122
1.0,-95.0,1.0,-95.0,1776887749.136
1.0,-95.0,1.0,-95.0,1776887749.162
24.0,85.0,24.0,85.0,1776887749.176
37.0,64.0,37.0,64.0,1776887749.582
37.0,64.0,37.0,64.0,1776887749.596
37.0,64.0,37.0,64.0,1776887749.622
37.0,64.0,37.0,64.0,1776887749.636
37.0,64.0,37.0,64.0,1776887749.662
45.0,79.0,45.0,79.0,1776887750.096
45.0,79.0,45.0,79.0,1776887750.122
45.0,79.0,45.0,79.0,1776887750.136
45.0,79.0,45.0,79.0,1776887750.162
45.0,79.0,45.0,79.0,1776887750.176
23.0,85.0,23.0,85.0,1776887750.602
22.0,86.0,22.0,86.0,1776887750.616
22.0,86.0,22.0,86.0,1776887750.642
22.0,86.0,22.0,86.0,1776887750.656
22.0,86.0,22.0,86.0,1776887750.682
-3.0,75.0,-3.0,75.0,1776887751.104
-3.0,75.0,-3.0,75.0,1776887751.116
-3.0,75.0,-3.0,75.0,1776887751.142
-3.0,75.0,-3.0,75.0,1776887751.156
-3.0,75.0,-3.0,75.0,1776887751.182
0.0,-85.0,0.0,-85.0,1776887751.602
0.0,-85.0,0.0,-85.0,1776887751.617
0.0,-85.0,0.0,-85.0,1776887751.643
0.0,-85.0,0.0,-85.0,1776887751.656
0.0,-85.0,0.0,-85.0,1776887751.682
0.0,-105.0,0.0,-105.0,1776887752.122
0.0,-112.0,0.0,-112.0,1776887752.136
0.0,-112.0,0.0,-112.0,1776887752.163
0.0,-112.0,0.0,-112.0,1776887752.182
0.0,-112.0,0.0,-112.0,1776887752.199
0.0,-150.0,0.0,-150.0,1776887752.616
0.0,-150.0,0.0,-150.0,1776887752.642
0.0,-150.0,0.0,-150.0,1776887752.656
-4.0,-154.0,-4.0,-154.0,1776887752.682
-4.0,-154.0,-4.0,-154.0,1776887752.696
-15.0,-150.0,-15.0,-150.0,1776887753.116
-15.0,-150.0,-15.0,-150.0,1776887753.143
-15.0,-150.0,-15.0,-150.0,1776887753.156
-15.0,-150.0,-15.0,-150.0,1776887753.182
-15.0,-135.0,-15.0,-135.0,1776887753.201
-15.0,-89.0,-15.0,-89.0,1776887753.617
-15.0,-89.0,-15.0,-89.0,1776887753.646
-15.0,-89.0,-15.0,-89.0,1776887753.658
-15.0,-89.0,-15.0,-89.0,1776887753.684
-15.0,-74.0,-15.0,-74.0,1776887753.696
-2.0,-23.0,-2.0,-23.0,1776887754.116
-2.0,-23.0,-2.0,-23.0,1776887754.142
-2.0,-23.0,-2.0,-23.0,1776887754.159
-2.0,-23.0,-2.0,-23.0,1776887754.176
-2.0,-23.0,-2.0,-23.0,1776887754.202
0.0,0.0,0.0,0.0,1776887754.616
0.0,0.0,0.0,0.0,1776887754.642
0.0,0.0,0.0,0.0,1776887754.659
0.0,0.0,0.0,0.0,1776887754.686
0.0,0.0,0.0,0.0,1776887754.696
0.0,0.0,0.0,0.0,1776887755.122
0.0,0.0,0.0,0.0,1776887755.136
0.0,0.0,0.0,0.0,1776887755.162
0.0,0.0,0.0,0.0,1776887755.176
0.0,0.0,0.0,0.0,1776887755.202
0.0,0.0,0.0,0.0,1776887755.616
0.0,0.0,0.0,0.0,1776887755.636
0.0,0.0,0.0,0.0,1776887755.662
0.0,0.0,0.0,0.0,1776887755.679
0.0,0.0,0.0,0.0,1776887755.705
0.0,0.0,0.0,0.0,1776887756.122
0.0,0.0,0.0,0.0,1776887756.136
0.0,0.0,0.0,0.0,1776887756.162
0.0,0.0,0.0,0.0,1776887756.176
0.0,0.0,0.0,0.0,1776887756.209
0.0,0.0,0.0,0.0,1776887756.642
0.0,0.0,0.0,0.0,1776887756.663
0.0,0.0,0.0,0.0,1776887756.676
0.0,0.0,0.0,0.0,1776887756.702
0.0,0.0,0.0,0.0,1776887756.719
0.0,0.0,0.0,0.0,1776887757.136
0.0,0.0,0.0,0.0,1776887757.162
0.0,0.0,0.0,0.0,1776887757.176
0.0,0.0,0.0,0.0,1776887757.202
0.0,0.0,0.0,0.0,1776887757.216
0.0,0.0,0.0,0.0,1776887757.617
0.0,0.0,0.0,0.0,1776887757.642
0.0,0.0,0.0,0.0,1776887757.656
0.0,0.0,0.0,0.0,1776887757.682
0.0,0.0,0.0,0.0,1776887757.697
0.0,0.0,0.0,0.0,1776887758.146
0.0,0.0,0.0,0.0,1776887758.159
0.0,0.0,0.0,0.0,1776887758.176
0.0,0.0,0.0,0.0,1776887758.202
0.0,0.0,0.0,0.0,1776887758.217
0.0,0.0,0.0,0.0,1776887758.639
0.0,0.0,0.0,0.0,1776887758.656
0.0,0.0,0.0,0.0,1776887758.682
0.0,0.0,0.0,0.0,1776887758.696
0.0,0.0,0.0,0.0,1776887758.723
0.0,0.0,0.0,0.0,1776887759.138
0.0,0.0,0.0,0.0,1776887759.156
0.0,0.0,0.0,0.0,1776887759.182
0.0,0.0,0.0,0.0,1776887759.199
0.0,0.0,0.0,0.0,1776887759.216
0.0,0.0,0.0,0.0,1776887759.642
0.0,0.0,0.0,0.0,1776887759.656
0.0,0.0,0.0,0.0,1776887759.682
0.0,0.0,0.0,0.0,1776887759.699
0.0,0.0,0.0,0.0,1776887759.725
0.0,0.0,0.0,0.0,1776887760.136
0.0,0.0,0.0,0.0,1776887760.163
0.0,0.0,0.0,0.0,1776887760.18
0.0,0.0,0.0,0.0,1776887760.196
0.0,0.0,0.0,0.0,1776887760.222
0.0,0.0,0.0,0.0,1776887760.642
0.0,0.0,0.0,0.0,1776887760.656
0.0,0.0,0.0,0.0,1776887760.682
0.0,0.0,0.0,0.0,1776887760.696
0.0,0.0,0.0,0.0,1776887760.723
0.0,0.0,0.0,0.0,1776887761.137
0.0,0.0,0.0,0.0,1776887761.162
0.0,0.0,0.0,0.0,1776887761.176
0.0,0.0,0.0,0.0,1776887761.202
0.0,0.0,0.0,0.0,1776887761.216
0.0,0.0,0.0,0.0,1776887761.636
0.0,0.0,0.0,0.0,1776887761.663
0.0,0.0,0.0,0.0,1776887761.679
0.0,0.0,0.0,0.0,1776887761.696
0.0,0.0,0.0,0.0,1776887761.716
0.0,0.0,0.0,0.0,1776887762.136
0.0,0.0,0.0,0.0,1776887762.165
0.0,0.0,0.0,0.0,1776887762.177
0.0,0.0,0.0,0.0,1776887762.203
0.0,0.0,0.0,0.0,1776887762.216
0.0,0.0,0.0,0.0,1776887762.658
0.0,0.0,0.0,0.0,1776887762.676
0.0,0.0,0.0,0.0,1776887762.702
0.0,0.0,0.0,0.0,1776887762.719
0.0,0.0,0.0,0.0,1776887762.737
0.0,0.0,0.0,0.0,1776887763.136
0.0,0.0,0.0,0.0,1776887763.162
0.0,0.0,0.0,0.0,1776887763.176
0.0,0.0,0.0,0.0,1776887763.203
0.0,0.0,0.0,0.0,1776887763.216
0.0,0.0,0.0,0.0,1776887763.663
0.0,0.0,0.0,0.0,1776887763.679
0.0,0.0,0.0,0.0,1776887763.696
0.0,0.0,0.0,0.0,1776887763.722
0.0,0.0,0.0,0.0,1776887763.736
7.0,21.0,7.0,21.0,1776887764.656
7.0,21.0,7.0,21.0,1776887764.682
7.0,21.0,7.0,21.0,1776887764.696
7.0,29.0,7.0,29.0,1776887764.722
7.0,29.0,7.0,29.0,1776887764.737
7.0,55.0,7.0,55.0,1776887765.162
7.0,55.0,7.0,55.0,1776887765.176
7.0,55.0,7.0,55.0,1776887765.203
7.0,55.0,7.0,55.0,1776887765.216
7.0,64.0,7.0,64.0,1776887765.243
3.0,82.0,3.0,82.0,1776887765.659
3.0,82.0,3.0,82.0,1776887765.685
3.0,82.0,3.0,82.0,1776887765.697
3.0,82.0,3.0,82.0,1776887765.723
3.0,82.0,3.0,82.0,1776887765.736
-1.0,66.0,-1.0,66.0,1776887766.16
-1.0,66.0,-1.0,66.0,1776887766.176
-1.0,66.0,-1.0,66.0,1776887766.202
-1.0,-63.0,-1.0,-63.0,1776887766.216
-1.0,-63.0,-1.0,-63.0,1776887766.242
-1.0,-81.0,-1.0,-81.0,1776887766.658
-1.0,-81.0,-1.0,-81.0,1776887766.684
-1.0,-81.0,-1.0,-81.0,1776887766.696
-1.0,-87.0,-1.0,-87.0,1776887766.722
-1.0,-87.0,-1.0,-87.0,1776887766.737
-1.0,-112.0,-1.0,-112.0,1776887767.163
-1.0,-112.0,-1.0,-112.0,1776887767.176
-1.0,-112.0,-1.0,-112.0,1776887767.202
-1.0,-112.0,-1.0,-112.0,1776887767.218
-1.0,-112.0,-1.0,-112.0,1776887767.246
2.0,139.0,2.0,139.0,1776887767.662
2.0,139.0,2.0,139.0,1776887767.679
2.0,139.0,2.0,139.0,1776887767.702
2.0,139.0,2.0,139.0,1776887767.717
2.0,139.0,2.0,139.0,1776887767.743
2.0,141.0,2.0,141.0,1776887768.163
2.0,142.0,2.0,142.0,1776887768.18
2.0,142.0,2.0,142.0,1776887768.196
2.0,142.0,2.0,142.0,1776887768.222
2.0,142.0,2.0,142.0,1776887768.241
2.0,149.0,2.0,149.0,1776887768.656
2.0,149.0,2.0,149.0,1776887768.683
2.0,149.0,2.0,149.0,1776887768.696
2.0,149.0,2.0,149.0,1776887768.722
2.0,151.0,2.0,151.0,1776887768.738
-2.0,131.0,-2.0,131.0,1776887769.177
-2.0,131.0,-2.0,131.0,1776887769.203
-2.0,131.0,-2.0,131.0,1776887769.217
-2.0,131.0,-2.0,131.0,1776887769.243
-2.0,131.0,-2.0,131.0,1776887769.256
-2.0,72.0,-2.0,72.0,1776887770.176
-2.0,72.0,-2.0,72.0,1776887770.203
-2.0,72.0,-2.0,72.0,1776887770.216
-2.0,72.0,-2.0,72.0,1776887770.243
-2.0,72.0,-2.0,72.0,1776887770.256
0.0,57.0,0.0,57.0,1776887770.686
0.0,49.0,0.0,49.0,1776887770.696
0.0,49.0,0.0,49.0,1776887770.722
0.0,49.0,0.0,49.0,1776887770.737
0.0,49.0,0.0,49.0,1776887770.763
0.0,24.0,0.0,24.0,1776887771.176
0.0,16.0,0.0,16.0,1776887771.204
0.0,16.0,0.0,16.0,1776887771.217
0.0,16.0,0.0,16.0,1776887771.243
0.0,16.0,0.0,16.0,1776887771.256
0.0,0.0,0.0,0.0,1776887771.679
0.0,0.0,0.0,0.0,1776887771.704
0.0,0.0,0.0,0.0,1776887771.716
0.0,0.0,0.0,0.0,1776887771.743
0.0,0.0,0.0,0.0,1776887771.766
0.0,0.0,0.0,0.0,1776887772.176
0.0,0.0,0.0,0.0,1776887772.211
0.0,0.0,0.0,0.0,1776887772.222
0.0,0.0,0.0,0.0,1776887772.24
0.0,0.0,0.0,0.0,1776887772.256
0.0,0.0,0.0,0.0,1776887773.176
0.0,0.0,0.0,0.0,1776887773.203
0.0,0.0,0.0,0.0,1776887773.216
0.0,0.0,0.0,0.0,1776887773.246
0.0,0.0,0.0,0.0,1776887773.256
